id,frame,x1,y1,x2,y2,image_path,timestamp_in_video,is_person,has_face,mtcnn_pt,mtcnn_res,retinaFace_pt,retinaFace_res,yolov8_pt,yolov8_res,yolov11_pt,yolov11_res,opencv_pt,opencv_res
0,0,1085,495,1116,603,/Users/Documents/thesis/program/media/zf_processed_videos/c1_38/person_frames/frame_0.jpg,0:00:00,1,0,0.0117,0,2.0569,0,0.2439,0,0.8933,0,0.016,0
1,2,1086,516,1118,610,/Users/Documents/thesis/program/media/zf_processed_videos/c1_38/person_frames/frame_2.jpg,0:00:00,1,0,0.0033,0,2.0677,0,0.1819,0,0.174,0,0.0011,0
2,28,1111,528,1148,628,/Users/Documents/thesis/program/media/zf_processed_videos/c1_38/person_frames/frame_28.jpg,0:00:01,1,0,0.0025,0,2.6193,0,0.169,0,0.3309,0,0.0009,0
3,30,1114,527,1151,630,/Users/Documents/thesis/program/media/zf_processed_videos/c1_38/person_frames/frame_30.jpg,0:00:01,1,0,0.001,0,2.3617,0,0.2982,0,0.3849,0,0.0011,0
4,34,1123,530,1159,634,/Users/Documents/thesis/program/media/zf_processed_videos/c1_38/person_frames/frame_34.jpg,0:00:01,1,0,0.0011,0,2.2128,0,0.1582,0,0.4002,0,0.001,0
5,36,1127,524,1162,635,/Users/Documents/thesis/program/media/zf_processed_videos/c1_38/person_frames/frame_36.jpg,0:00:01,1,0,0.0043,0,2.2006,0,0.1677,0,0.2274,0,0.001,0
6,40,1136,533,1171,637,/Users/Documents/thesis/program/media/zf_processed_videos/c1_38/person_frames/frame_40.jpg,0:00:01,1,0,0.0076,0,2.4404,0,0.1725,0,0.2454,0,0.001,0
7,50,1162,536,1198,645,/Users/Documents/thesis/program/media/zf_processed_videos/c1_38/person_frames/frame_50.jpg,0:00:01,1,0,0.0204,0,2.2873,0,0.1614,0,0.2873,0,0.001,0
8,60,0,511,62,774,/Users/Documents/thesis/program/media/zf_processed_videos/c1_38/person_frames/frame_60.jpg,0:00:02,1,0,0.0115,0,1.418,0,0.2019,0,0.1702,0,0.0023,0
9,66,1215,527,1253,646,/Users/Documents/thesis/program/media/zf_processed_videos/c1_38/person_frames/frame_66.jpg,0:00:02,1,0,0.0818,0,2.2338,0,0.1784,0,0.2186,0,0.0009,0
10,68,1224,525,1259,636,/Users/Documents/thesis/program/media/zf_processed_videos/c1_38/person_frames/frame_68.jpg,0:00:02,1,0,0.0065,0,1.9154,0,0.1709,0,0.1639,0,0.0011,0
11,72,1240,519,1282,644,/Users/Documents/thesis/program/media/zf_processed_videos/c1_38/person_frames/frame_72.jpg,0:00:02,1,0,0.0286,0,2.0035,0,0.2409,0,0.1676,0,0.0013,0
12,96,1362,511,1410,658,/Users/Documents/thesis/program/media/zf_processed_videos/c1_38/person_frames/frame_96.jpg,0:00:03,1,0,0.0056,0,2.1994,0,0.8109,0,0.2644,0,0.0011,0
13,98,1376,500,1419,663,/Users/Documents/thesis/program/media/zf_processed_videos/c1_38/person_frames/frame_98.jpg,0:00:03,1,0,0.0026,0,1.2916,0,0.5159,0,0.1872,0,0.0012,0
14,100,1385,509,1431,659,/Users/Documents/thesis/program/media/zf_processed_videos/c1_38/person_frames/frame_100.jpg,0:00:03,1,0,0.0029,0,1.5414,0,0.195,0,0.4145,0,0.0016,0
15,101,1390,507,1435,665,/Users/Documents/thesis/program/media/zf_processed_videos/c1_38/person_frames/frame_101.jpg,0:00:03,1,0,0.0044,0,1.5025,0,0.1608,0,0.3431,0,0.0015,0
16,102,1395,491,1442,659,/Users/Documents/thesis/program/media/zf_processed_videos/c1_38/person_frames/frame_102.jpg,0:00:03,1,0,0.0031,0,1.4991,0,0.155,0,0.2885,0,0.0015,0
17,103,1400,501,1451,667,/Users/Documents/thesis/program/media/zf_processed_videos/c1_38/person_frames/frame_103.jpg,0:00:03,1,0,0.0055,0,2.949,0,0.1723,0,0.2494,0,0.0011,0
18,104,1405,496,1454,656,/Users/Documents/thesis/program/media/zf_processed_videos/c1_38/person_frames/frame_104.jpg,0:00:03,1,0,0.0046,0,1.8055,0,0.1881,0,0.4065,0,0.0012,0
19,106,1418,486,1467,658,/Users/Documents/thesis/program/media/zf_processed_videos/c1_38/person_frames/frame_106.jpg,0:00:03,1,0,0.0055,0,1.8046,0,0.1418,0,0.2417,0,0.0012,0
20,108,1430,489,1484,652,/Users/Documents/thesis/program/media/zf_processed_videos/c1_38/person_frames/frame_108.jpg,0:00:03,1,0,0.0017,0,7.3152,0,0.1896,0,0.4317,0,0.0013,0
21,109,1435,495,1485,662,/Users/Documents/thesis/program/media/zf_processed_videos/c1_38/person_frames/frame_109.jpg,0:00:03,1,0,0.0059,0,1.8395,0,0.2602,0,0.4755,0,0.0012,0
22,110,1439,486,1492,660,/Users/Documents/thesis/program/media/zf_processed_videos/c1_38/person_frames/frame_110.jpg,0:00:03,1,0,0.0024,0,1.8566,0,0.2482,0,0.2475,0,0.0013,0
23,111,1446,498,1500,662,/Users/Documents/thesis/program/media/zf_processed_videos/c1_38/person_frames/frame_111.jpg,0:00:03,1,0,0.0051,0,2.1205,0,0.1909,0,0.2133,0,0.0009,0
24,112,1451,492,1506,658,/Users/Documents/thesis/program/media/zf_processed_videos/c1_38/person_frames/frame_112.jpg,0:00:03,1,0,0.0049,0,1.9095,0,0.1702,0,0.1949,0,0.0015,0
25,113,1460,499,1507,661,/Users/Documents/thesis/program/media/zf_processed_videos/c1_38/person_frames/frame_113.jpg,0:00:03,1,0,0.0017,0,1.9617,0,0.3265,0,0.1692,0,0.0013,0
26,114,1466,490,1516,663,/Users/Documents/thesis/program/media/zf_processed_videos/c1_38/person_frames/frame_114.jpg,0:00:03,1,0,0.0038,0,2.0857,0,0.1787,0,0.2703,0,0.0014,0
27,116,1478,489,1537,659,/Users/Documents/thesis/program/media/zf_processed_videos/c1_38/person_frames/frame_116.jpg,0:00:03,1,0,0.0075,0,2.0725,0,0.1785,0,0.2993,0,0.0021,0
28,118,1489,477,1549,663,/Users/Documents/thesis/program/media/zf_processed_videos/c1_38/person_frames/frame_118.jpg,0:00:03,1,0,0.0071,0,1.9744,0,0.1592,0,0.1905,1,0.002,0
29,119,1494,497,1552,669,/Users/Documents/thesis/program/media/zf_processed_videos/c1_38/person_frames/frame_119.jpg,0:00:03,1,0,0.0069,0,2.1088,0,0.176,0,0.1866,0,0.001,0
30,120,1500,485,1558,669,/Users/Documents/thesis/program/media/zf_processed_videos/c1_38/person_frames/frame_120.jpg,0:00:03,1,0,0.0063,0,2.4914,0,0.1598,0,0.4172,0,0.0017,0
31,121,1509,495,1562,672,/Users/Documents/thesis/program/media/zf_processed_videos/c1_38/person_frames/frame_121.jpg,0:00:03,1,0,0.0017,0,3.2255,0,0.1611,0,0.1668,0,0.0011,0
32,122,1513,483,1566,670,/Users/Documents/thesis/program/media/zf_processed_videos/c1_38/person_frames/frame_122.jpg,0:00:03,1,0,0.002,0,1.9436,0,0.2295,0,0.1735,0,0.0014,0
33,122,538,484,572,576,/Users/Documents/thesis/program/media/zf_processed_videos/c1_38/person_frames/frame_122.jpg,0:00:03,1,0,0.0017,0,2.4381,0,0.1329,0,0.1654,0,0.0006,0
34,123,1514,500,1572,676,/Users/Documents/thesis/program/media/zf_processed_videos/c1_38/person_frames/frame_123.jpg,0:00:04,1,0,0.0068,0,3.291,0,0.1715,0,0.2295,0,0.001,0
35,124,1523,485,1578,671,/Users/Documents/thesis/program/media/zf_processed_videos/c1_38/person_frames/frame_124.jpg,0:00:04,1,0,0.0061,0,13.8995,0,0.1898,0,0.1687,0,0.0015,0
36,124,539,485,572,580,/Users/Documents/thesis/program/media/zf_processed_videos/c1_38/person_frames/frame_124.jpg,0:00:04,1,0,0.0034,0,5.0922,0,0.158,0,0.1656,0,0.0005,0
37,126,1531,485,1590,675,/Users/Documents/thesis/program/media/zf_processed_videos/c1_38/person_frames/frame_126.jpg,0:00:04,1,0,0.0058,0,2.5675,0,0.1921,0,0.1553,0,0.0013,0
38,126,539,486,572,583,/Users/Documents/thesis/program/media/zf_processed_videos/c1_38/person_frames/frame_126.jpg,0:00:04,1,0,0.0042,0,2.4098,0,0.1537,0,0.141,0,0.0005,0
39,128,1542,484,1600,680,/Users/Documents/thesis/program/media/zf_processed_videos/c1_38/person_frames/frame_128.jpg,0:00:04,1,0,0.0081,0,2.131,0,0.2049,0,0.1624,0,0.0173,0
40,128,542,485,572,581,/Users/Documents/thesis/program/media/zf_processed_videos/c1_38/person_frames/frame_128.jpg,0:00:04,1,0,0,0,0.0001,0,0,0,0,0,0.0001,0
41,129,1553,498,1606,679,/Users/Documents/thesis/program/media/zf_processed_videos/c1_38/person_frames/frame_129.jpg,0:00:04,1,0,0.0022,0,2.0739,0,0.1373,0,0.1206,0,0.0011,0
42,130,1557,485,1612,679,/Users/Documents/thesis/program/media/zf_processed_videos/c1_38/person_frames/frame_130.jpg,0:00:04,1,0,0.0051,0,3.2439,0,0.1749,0,0.1467,0,0.0013,0
43,131,1563,496,1619,683,/Users/Documents/thesis/program/media/zf_processed_videos/c1_38/person_frames/frame_131.jpg,0:00:04,1,0,0.0019,0,5.6316,0,0.1641,0,0.1585,0,0.0014,0
44,132,1570,478,1624,681,/Users/Documents/thesis/program/media/zf_processed_videos/c1_38/person_frames/frame_132.jpg,0:00:04,1,0,0.0072,0,1.7554,0,0.1385,0,0.1481,0,0.0018,0
45,133,1574,490,1631,678,/Users/Documents/thesis/program/media/zf_processed_videos/c1_38/person_frames/frame_133.jpg,0:00:04,1,0,0.0024,0,1.9438,0,0.1483,0,0.1642,0,0.0011,0
46,134,1583,484,1639,676,/Users/Documents/thesis/program/media/zf_processed_videos/c1_38/person_frames/frame_134.jpg,0:00:04,1,0,0.007,0,1.9889,0,0.1588,0,1.6722,0,0.0014,0
47,135,1589,497,1642,684,/Users/Documents/thesis/program/media/zf_processed_videos/c1_38/person_frames/frame_135.jpg,0:00:04,1,0,0.0051,0,1.7581,0,0.1544,0,1.3216,0,0.001,0
48,136,1597,485,1648,677,/Users/Documents/thesis/program/media/zf_processed_videos/c1_38/person_frames/frame_136.jpg,0:00:04,1,0,0.0027,0,1.6512,0,0.1295,0,0.2835,0,0.0013,0
49,137,1602,497,1656,681,/Users/Documents/thesis/program/media/zf_processed_videos/c1_38/person_frames/frame_137.jpg,0:00:04,1,0,0.0042,0,2.0976,0,0.1396,0,0.6448,0,0.0011,0
50,138,1608,481,1667,677,/Users/Documents/thesis/program/media/zf_processed_videos/c1_38/person_frames/frame_138.jpg,0:00:04,1,0,0.0045,0,2.1615,0,0.1707,0,0.3344,0,0.0016,0
51,139,1616,497,1666,682,/Users/Documents/thesis/program/media/zf_processed_videos/c1_38/person_frames/frame_139.jpg,0:00:04,1,0,0.0044,0,2.2418,0,0.1324,0,0.6174,0,0.0011,0
52,140,1621,476,1676,679,/Users/Documents/thesis/program/media/zf_processed_videos/c1_38/person_frames/frame_140.jpg,0:00:04,1,0,0.0038,0,2.0366,0,0.156,0,0.306,0,0.0019,0
53,142,1635,489,1689,684,/Users/Documents/thesis/program/media/zf_processed_videos/c1_38/person_frames/frame_142.jpg,0:00:04,1,0,0.008,0,1.7263,0,0.1529,0,1.5277,0,0.0012,0
54,144,1649,481,1700,681,/Users/Documents/thesis/program/media/zf_processed_videos/c1_38/person_frames/frame_144.jpg,0:00:04,1,0,0.0076,0,1.7778,0,0.1555,0,0.3765,0,0.0014,0
55,146,1663,478,1715,681,/Users/Documents/thesis/program/media/zf_processed_videos/c1_38/person_frames/frame_146.jpg,0:00:04,1,0,0.007,0,1.4544,0,0.1437,0,0.3301,0,0.0013,0
56,148,1673,479,1725,686,/Users/Documents/thesis/program/media/zf_processed_videos/c1_38/person_frames/frame_148.jpg,0:00:04,1,0,0.0066,0,1.914,0,0.1629,0,0.2472,0,0.0015,0
57,150,1687,507,1738,691,/Users/Documents/thesis/program/media/zf_processed_videos/c1_38/person_frames/frame_150.jpg,0:00:04,1,0,0.0025,0,10.3213,0,0.161,0,0.2201,0,0.0014,0
58,152,1701,502,1753,691,/Users/Documents/thesis/program/media/zf_processed_videos/c1_38/person_frames/frame_152.jpg,0:00:04,1,0,0.0051,0,3.0993,0,0.1458,0,0.1992,0,0.0013,0
59,154,1712,492,1761,690,/Users/Documents/thesis/program/media/zf_processed_videos/c1_38/person_frames/frame_154.jpg,0:00:04,1,0,0.0056,0,5.0434,0,0.1583,0,0.1908,0,0.0014,0
60,155,1718,505,1777,697,/Users/Documents/thesis/program/media/zf_processed_videos/c1_38/person_frames/frame_155.jpg,0:00:04,1,0,0.0053,0,3.3794,0,0.1458,0,0.251,0,0.0012,0
61,156,1724,495,1776,693,/Users/Documents/thesis/program/media/zf_processed_videos/c1_38/person_frames/frame_156.jpg,0:00:04,1,0,0.003,0,2.1202,0,0.1549,0,0.1707,0,0.0012,0
62,160,1750,492,1798,697,/Users/Documents/thesis/program/media/zf_processed_videos/c1_38/person_frames/frame_160.jpg,0:00:05,1,0,0.0042,0,1.5692,0,0.129,0,0.1637,0,0.0015,0
63,162,294,502,342,632,/Users/Documents/thesis/program/media/zf_processed_videos/c1_38/person_frames/frame_162.jpg,0:00:05,1,0,0.0052,0,2.9335,0,0.1933,0,0.1734,0,0.0014,0
64,162,1759,476,1809,695,/Users/Documents/thesis/program/media/zf_processed_videos/c1_38/person_frames/frame_162.jpg,0:00:05,1,0,0.0054,0,1.5598,0,0.1141,0,0.1015,0,0.0009,0
65,164,1775,487,1823,697,/Users/Documents/thesis/program/media/zf_processed_videos/c1_38/person_frames/frame_164.jpg,0:00:05,1,0,0.0073,0,1.3502,0,0.1337,0,0.2228,0,0.0013,0
66,164,295,499,351,630,/Users/Documents/thesis/program/media/zf_processed_videos/c1_38/person_frames/frame_164.jpg,0:00:05,1,0,0.0074,0,2.9543,0,0.1732,0,0.1908,0,0.0008,0
67,164,293,496,335,631,/Users/Documents/thesis/program/media/zf_processed_videos/c1_38/person_frames/frame_164.jpg,0:00:05,1,0,0.0063,0,1.9706,0,0.1261,0,0.1434,0,0.0006,0
68,166,290,504,335,634,/Users/Documents/thesis/program/media/zf_processed_videos/c1_38/person_frames/frame_166.jpg,0:00:05,1,0,0.1404,0,2.4367,0,0.1577,0,0.4311,0,0.0012,0
69,166,1788,484,1823,688,/Users/Documents/thesis/program/media/zf_processed_videos/c1_38/person_frames/frame_166.jpg,0:00:05,1,0,0.0087,0,1.4326,0,0.0759,0,0.2701,0,0.0007,0
70,168,289,499,336,633,/Users/Documents/thesis/program/media/zf_processed_videos/c1_38/person_frames/frame_168.jpg,0:00:05,1,0,0.009,0,2.3461,0,0.181,0,0.2011,0,0.0012,0
71,170,290,501,335,636,/Users/Documents/thesis/program/media/zf_processed_videos/c1_38/person_frames/frame_170.jpg,0:00:05,1,0,0.0101,0,2.3844,0,0.1727,0,0.1793,0,0.0014,0
72,174,282,499,334,638,/Users/Documents/thesis/program/media/zf_processed_videos/c1_38/person_frames/frame_174.jpg,0:00:05,1,0,0.0085,0,2.5187,0,0.1837,0,0.1914,0,0.0013,0
73,176,277,506,330,642,/Users/Documents/thesis/program/media/zf_processed_videos/c1_38/person_frames/frame_176.jpg,0:00:05,1,0,0.0135,0,2.4261,0,0.2114,0,0.1911,0,0.0013,0
74,182,288,502,336,656,/Users/Documents/thesis/program/media/zf_processed_videos/c1_38/person_frames/frame_182.jpg,0:00:05,1,0,0.0031,0,2.9415,0,0.1745,0,0.1804,0,0.0011,0
75,184,290,503,337,659,/Users/Documents/thesis/program/media/zf_processed_videos/c1_38/person_frames/frame_184.jpg,0:00:05,1,0,0.0106,0,3.0157,0,0.1682,0,0.1317,0,0.0015,0
76,186,566,478,615,628,/Users/Documents/thesis/program/media/zf_processed_videos/c1_38/person_frames/frame_186.jpg,0:00:05,1,0,0.0033,0,2.1453,0,0.1868,0,0.1996,0,0.0013,0
77,186,287,503,338,657,/Users/Documents/thesis/program/media/zf_processed_videos/c1_38/person_frames/frame_186.jpg,0:00:05,1,0,0.0024,0,2.1512,0,0.1482,0,0.2565,0,0.0012,0
78,188,287,493,337,658,/Users/Documents/thesis/program/media/zf_processed_videos/c1_38/person_frames/frame_188.jpg,0:00:05,1,0,0.0078,0,2.1508,0,0.1701,0,0.1619,0,0.0014,0
79,194,559,482,622,645,/Users/Documents/thesis/program/media/zf_processed_videos/c1_38/person_frames/frame_194.jpg,0:00:06,1,0,0.0065,0,8.4525,0,0.2517,0,0.2239,0,0.0015,0
80,194,287,482,335,662,/Users/Documents/thesis/program/media/zf_processed_videos/c1_38/person_frames/frame_194.jpg,0:00:06,1,0,0.0028,0,4.0264,0,0.1104,0,0.1292,0,0.0007,0
81,196,561,478,625,652,/Users/Documents/thesis/program/media/zf_processed_videos/c1_38/person_frames/frame_196.jpg,0:00:06,1,0,0.0127,0,2.7331,0,0.1666,0,0.2158,0,0.0017,0
82,196,279,482,335,662,/Users/Documents/thesis/program/media/zf_processed_videos/c1_38/person_frames/frame_196.jpg,0:00:06,1,0,0.0036,0,2.2057,0,0.1658,0,0.125,0,0.0008,0
83,198,564,480,623,647,/Users/Documents/thesis/program/media/zf_processed_videos/c1_38/person_frames/frame_198.jpg,0:00:06,1,0,0.016,0,2.4681,0,0.1621,0,0.169,0,0.0013,0
84,200,564,464,624,651,/Users/Documents/thesis/program/media/zf_processed_videos/c1_38/person_frames/frame_200.jpg,0:00:06,1,1,0.0118,1,2.2828,0,0.1618,0,0.1626,0,0.0016,0
85,200,274,485,335,666,/Users/Documents/thesis/program/media/zf_processed_videos/c1_38/person_frames/frame_200.jpg,0:00:06,1,0,0.0065,0,2.3095,0,0.1484,0,0.1278,0,0.0006,0
86,200,290,486,333,663,/Users/Documents/thesis/program/media/zf_processed_videos/c1_38/person_frames/frame_200.jpg,0:00:06,1,0,0.0057,0,1.626,0,0.0787,0,0.0966,0,0.0007,0
87,202,568,468,624,650,/Users/Documents/thesis/program/media/zf_processed_videos/c1_38/person_frames/frame_202.jpg,0:00:06,1,0,0.0068,0,2.163,0,0.2071,0,0.1648,0,0.0013,0
88,202,276,490,334,670,/Users/Documents/thesis/program/media/zf_processed_videos/c1_38/person_frames/frame_202.jpg,0:00:06,1,0,0.0061,0,2.5461,0,0.1339,0,0.1101,0,0.0007,0
89,204,565,453,627,652,/Users/Documents/thesis/program/media/zf_processed_videos/c1_38/person_frames/frame_204.jpg,0:00:06,1,1,0.0064,1,2.3318,0,0.1748,0,0.2121,0,0.0025,0
90,204,277,501,332,669,/Users/Documents/thesis/program/media/zf_processed_videos/c1_38/person_frames/frame_204.jpg,0:00:06,1,0,0.0034,0,2.4983,0,0.1356,0,0.1455,0,0.0011,0
91,206,278,488,329,668,/Users/Documents/thesis/program/media/zf_processed_videos/c1_38/person_frames/frame_206.jpg,0:00:06,1,0,0.0062,0,8.7659,0,0.2399,0,0.18,0,0.0015,0
92,206,562,459,626,654,/Users/Documents/thesis/program/media/zf_processed_videos/c1_38/person_frames/frame_206.jpg,0:00:06,1,1,0.01,0,4.6196,0,0.5172,0,0.1202,0,0.0016,0
93,208,573,478,622,651,/Users/Documents/thesis/program/media/zf_processed_videos/c1_38/person_frames/frame_208.jpg,0:00:06,1,0,0.0069,0,2.1679,0,0.2204,0,0.1727,0,0.0014,0
94,208,281,488,332,667,/Users/Documents/thesis/program/media/zf_processed_videos/c1_38/person_frames/frame_208.jpg,0:00:06,1,0,0.0064,0,1.7073,0,0.2418,0,0.1337,0,0.0009,0
95,208,576,553,614,649,/Users/Documents/thesis/program/media/zf_processed_videos/c1_38/person_frames/frame_208.jpg,0:00:06,1,1,0.0029,0,2.653,0,0.2994,0,0.1341,0,0.0008,0
96,208,263,484,322,669,/Users/Documents/thesis/program/media/zf_processed_videos/c1_38/person_frames/frame_208.jpg,0:00:06,1,0,0.0077,0,2.4302,0,0.1984,0,0.114,0,0.0013,0
97,209,576,545,614,648,/Users/Documents/thesis/program/media/zf_processed_videos/c1_38/person_frames/frame_209.jpg,0:00:06,1,0,0.0012,0,5.199,0,0.3335,0,0.2507,0,0.0011,0
98,209,574,523,620,649,/Users/Documents/thesis/program/media/zf_processed_videos/c1_38/person_frames/frame_209.jpg,0:00:06,1,0,0.0012,0,2.3216,0,0.2608,0,0.1596,0,0.0014,0
99,210,569,486,619,652,/Users/Documents/thesis/program/media/zf_processed_videos/c1_38/person_frames/frame_210.jpg,0:00:06,1,0,0.0065,0,1.9159,0,0.1593,0,0.1988,0,0.0196,0
100,210,257,500,319,670,/Users/Documents/thesis/program/media/zf_processed_videos/c1_38/person_frames/frame_210.jpg,0:00:06,1,0,0.0226,0,2.2473,0,0.1511,0,0.1258,0,0.0052,0
101,210,288,506,336,668,/Users/Documents/thesis/program/media/zf_processed_videos/c1_38/person_frames/frame_210.jpg,0:00:06,1,0,0.0106,0,1.9571,0,0.1153,0,0.1151,0,0.0033,0
102,211,571,511,621,653,/Users/Documents/thesis/program/media/zf_processed_videos/c1_38/person_frames/frame_211.jpg,0:00:06,1,0,0.0054,0,2.1089,0,0.1987,0,0.1703,0,0.0013,0
103,212,261,492,320,670,/Users/Documents/thesis/program/media/zf_processed_videos/c1_38/person_frames/frame_212.jpg,0:00:06,1,0,0.0074,0,2.5229,0,0.2674,0,0.1647,0,0.0017,0
104,212,567,524,623,653,/Users/Documents/thesis/program/media/zf_processed_videos/c1_38/person_frames/frame_212.jpg,0:00:06,1,0,0.0075,0,2.9092,0,0.2341,0,0.161,0,0.0012,0
105,212,280,498,333,669,/Users/Documents/thesis/program/media/zf_processed_videos/c1_38/person_frames/frame_212.jpg,0:00:06,1,0,0.0054,0,2.4231,0,0.1641,0,0.1155,0,0.0006,0
106,213,264,478,327,679,/Users/Documents/thesis/program/media/zf_processed_videos/c1_38/person_frames/frame_213.jpg,0:00:06,1,0,0.0074,0,2.4707,0,0.17,0,0.1752,0,0.0012,0
107,213,568,532,615,654,/Users/Documents/thesis/program/media/zf_processed_videos/c1_38/person_frames/frame_213.jpg,0:00:06,1,0,0.0022,0,2.6336,0,0.1717,0,0.1576,0,0.0006,0
108,214,256,492,319,675,/Users/Documents/thesis/program/media/zf_processed_videos/c1_38/person_frames/frame_214.jpg,0:00:06,1,0,0.003,0,2.8927,0,0.2582,0,0.1965,0,0.0016,0
109,214,566,522,616,655,/Users/Documents/thesis/program/media/zf_processed_videos/c1_38/person_frames/frame_214.jpg,0:00:06,1,0,0.0017,0,7.1926,0,0.1744,0,0.1548,0,0.0007,0
110,216,542,452,623,658,/Users/Documents/thesis/program/media/zf_processed_videos/c1_38/person_frames/frame_216.jpg,0:00:06,1,1,0.0132,0,6.8248,0,0.1916,0,0.1892,0,0.0034,0
111,216,243,473,330,679,/Users/Documents/thesis/program/media/zf_processed_videos/c1_38/person_frames/frame_216.jpg,0:00:06,1,0,0.0112,0,3.4359,0,0.1503,0,0.1566,0,0.0032,0
112,217,541,454,620,664,/Users/Documents/thesis/program/media/zf_processed_videos/c1_38/person_frames/frame_217.jpg,0:00:06,1,0,0.0045,0,3.9389,0,0.1992,0,0.235,0,0.002,0
113,217,244,472,324,684,/Users/Documents/thesis/program/media/zf_processed_videos/c1_38/person_frames/frame_217.jpg,0:00:06,1,0,0.0032,0,2.9348,0,0.1447,0,0.1479,0,0.0008,0
114,220,537,443,610,668,/Users/Documents/thesis/program/media/zf_processed_videos/c1_38/person_frames/frame_220.jpg,0:00:06,1,1,0.0141,0,2.4219,1,0.1633,0,0.1909,0,0.0026,0
115,220,244,476,309,678,/Users/Documents/thesis/program/media/zf_processed_videos/c1_38/person_frames/frame_220.jpg,0:00:06,1,0,0.0035,0,2.0355,0,0.1114,0,0.126,0,0.0013,0
116,221,535,447,606,674,/Users/Documents/thesis/program/media/zf_processed_videos/c1_38/person_frames/frame_221.jpg,0:00:06,1,0,0.0075,0,2.3376,0,0.1466,0,0.1479,0,0.0016,0
117,222,532,448,606,674,/Users/Documents/thesis/program/media/zf_processed_videos/c1_38/person_frames/frame_222.jpg,0:00:06,1,1,0.0183,1,2.3841,1,0.1609,0,0.2259,0,0.0034,0
118,222,242,469,307,681,/Users/Documents/thesis/program/media/zf_processed_videos/c1_38/person_frames/frame_222.jpg,0:00:06,1,0,0.0076,0,1.8553,0,0.1875,0,0.1127,0,0.002,0
119,223,531,450,606,671,/Users/Documents/thesis/program/media/zf_processed_videos/c1_38/person_frames/frame_223.jpg,0:00:06,1,0,0.0062,0,1.9243,0,0.178,0,0.1781,0,0.0014,0
120,224,528,454,604,676,/Users/Documents/thesis/program/media/zf_processed_videos/c1_38/person_frames/frame_224.jpg,0:00:06,1,1,0.0127,0,2.3966,1,0.1843,0,0.1938,0,0.0046,0
121,224,234,490,302,687,/Users/Documents/thesis/program/media/zf_processed_videos/c1_38/person_frames/frame_224.jpg,0:00:06,1,0,0.0063,0,2.0717,0,0.1346,0,0.1484,0,0.0026,0
122,225,526,453,602,678,/Users/Documents/thesis/program/media/zf_processed_videos/c1_38/person_frames/frame_225.jpg,0:00:06,1,0,0.0047,0,2.4455,0,0.1665,0,0.1751,0,0.0013,0
123,226,521,453,600,679,/Users/Documents/thesis/program/media/zf_processed_videos/c1_38/person_frames/frame_226.jpg,0:00:06,1,1,0.0208,1,2.3503,1,0.2972,0,0.164,0,0.0027,0
124,226,232,500,302,689,/Users/Documents/thesis/program/media/zf_processed_videos/c1_38/person_frames/frame_226.jpg,0:00:06,1,0,0.0096,0,2.4,0,0.1685,0,0.1877,0,0.0015,0
125,227,517,465,601,679,/Users/Documents/thesis/program/media/zf_processed_videos/c1_38/person_frames/frame_227.jpg,0:00:06,1,0,0.0062,0,2.4236,0,0.1833,0,0.1947,0,0.0019,0
126,228,516,458,599,683,/Users/Documents/thesis/program/media/zf_processed_videos/c1_38/person_frames/frame_228.jpg,0:00:07,1,1,0.0144,1,2.3135,1,0.1825,0,0.1854,0,0.0035,0
127,229,513,457,597,683,/Users/Documents/thesis/program/media/zf_processed_videos/c1_38/person_frames/frame_229.jpg,0:00:07,1,1,0.0134,0,2.9714,1,0.1919,0,0.1781,0,0.0021,0
128,230,509,457,597,690,/Users/Documents/thesis/program/media/zf_processed_videos/c1_38/person_frames/frame_230.jpg,0:00:07,1,0,0.0179,0,2.4244,0,0.2252,0,0.2203,0,0.0027,0
129,231,506,450,595,692,/Users/Documents/thesis/program/media/zf_processed_videos/c1_38/person_frames/frame_231.jpg,0:00:07,1,0,0.0083,0,6.9434,0,0.4419,0,0.1774,0,0.0045,0
130,232,506,451,595,692,/Users/Documents/thesis/program/media/zf_processed_videos/c1_38/person_frames/frame_232.jpg,0:00:07,1,1,0.0132,1,5.4745,0,0.2013,0,0.1731,0,0.0055,0
131,232,212,488,289,698,/Users/Documents/thesis/program/media/zf_processed_videos/c1_38/person_frames/frame_232.jpg,0:00:07,1,0,0.0053,0,4.2673,0,0.1425,0,0.1554,0,0.0024,0
132,233,508,473,588,691,/Users/Documents/thesis/program/media/zf_processed_videos/c1_38/person_frames/frame_233.jpg,0:00:07,1,0,0.0068,0,2.4498,0,0.1869,0,0.2312,0,0.0023,0
133,234,503,457,587,697,/Users/Documents/thesis/program/media/zf_processed_videos/c1_38/person_frames/frame_234.jpg,0:00:07,1,1,0.0077,1,2.2381,1,0.1646,0,0.1947,0,0.0025,0
134,235,499,447,584,698,/Users/Documents/thesis/program/media/zf_processed_videos/c1_38/person_frames/frame_235.jpg,0:00:07,1,0,0.0129,0,2.4546,0,0.2235,0,0.2549,0,0.0019,0
135,236,501,444,584,702,/Users/Documents/thesis/program/media/zf_processed_videos/c1_38/person_frames/frame_236.jpg,0:00:07,1,0,0.0165,0,2.2067,0,0.348,0,0.1491,0,0.0045,0
136,236,211,489,280,713,/Users/Documents/thesis/program/media/zf_processed_videos/c1_38/person_frames/frame_236.jpg,0:00:07,1,0,0.0055,0,2.5938,0,0.1295,0,0.1012,0,0.002,0
137,237,493,446,583,704,/Users/Documents/thesis/program/media/zf_processed_videos/c1_38/person_frames/frame_237.jpg,0:00:07,1,1,0.016,0,2.5448,1,0.2001,0,0.1637,0,0.0027,0
138,238,492,440,581,711,/Users/Documents/thesis/program/media/zf_processed_videos/c1_38/person_frames/frame_238.jpg,0:00:07,1,0,0.0173,0,2.4944,0,0.18,0,0.2136,0,0.0031,0
139,239,487,447,577,712,/Users/Documents/thesis/program/media/zf_processed_videos/c1_38/person_frames/frame_239.jpg,0:00:07,1,0,0.0086,0,2.4286,0,0.1797,0,0.2228,0,0.0033,0
140,240,483,460,572,716,/Users/Documents/thesis/program/media/zf_processed_videos/c1_38/person_frames/frame_240.jpg,0:00:07,1,1,0.0092,1,5.8995,1,0.1893,0,0.1624,0,0.0045,0
141,240,206,468,283,723,/Users/Documents/thesis/program/media/zf_processed_videos/c1_38/person_frames/frame_240.jpg,0:00:07,1,0,0.0038,0,3.4349,0,0.1134,0,0.1057,0,0.0029,0
142,242,476,447,568,719,/Users/Documents/thesis/program/media/zf_processed_videos/c1_38/person_frames/frame_242.jpg,0:00:07,1,0,0.0206,0,2.4574,1,0.2217,0,0.1697,0,0.0038,0
143,243,473,456,563,715,/Users/Documents/thesis/program/media/zf_processed_videos/c1_38/person_frames/frame_243.jpg,0:00:07,1,0,0.0089,0,2.4278,0,0.1889,0,0.1641,0,0.0025,0
144,244,475,455,557,719,/Users/Documents/thesis/program/media/zf_processed_videos/c1_38/person_frames/frame_244.jpg,0:00:07,1,1,0.0141,1,2.494,1,0.1672,0,0.1683,0,0.0046,0
145,244,195,472,279,719,/Users/Documents/thesis/program/media/zf_processed_videos/c1_38/person_frames/frame_244.jpg,0:00:07,1,0,0.0076,0,2.3111,0,0.1363,0,0.1466,0,0.003,0
146,244,189,492,234,642,/Users/Documents/thesis/program/media/zf_processed_videos/c1_38/person_frames/frame_244.jpg,0:00:07,1,0,0.0041,0,2.0771,0,0.138,0,0.1276,0,0.0013,0
147,244,217,469,277,684,/Users/Documents/thesis/program/media/zf_processed_videos/c1_38/person_frames/frame_244.jpg,0:00:07,1,0,0.0068,0,9.0179,0,0.1121,0,0.1142,0,0.0011,0
148,244,191,482,266,696,/Users/Documents/thesis/program/media/zf_processed_videos/c1_38/person_frames/frame_244.jpg,0:00:07,1,0,0.0062,0,4.9534,0,0.1403,0,0.141,0,0.0021,0
149,245,465,456,558,722,/Users/Documents/thesis/program/media/zf_processed_videos/c1_38/person_frames/frame_245.jpg,0:00:07,1,1,0.0198,0,7.6358,1,0.2823,0,0.1776,0,0.0029,0
150,245,216,475,271,674,/Users/Documents/thesis/program/media/zf_processed_videos/c1_38/person_frames/frame_245.jpg,0:00:07,1,0,0.0137,0,2.7198,0,0.1905,0,0.1197,0,0.0011,0
151,246,460,451,555,726,/Users/Documents/thesis/program/media/zf_processed_videos/c1_38/person_frames/frame_246.jpg,0:00:07,1,1,0.0209,0,2.5479,1,0.1987,0,0.1757,0,0.0034,0
152,246,216,483,270,665,/Users/Documents/thesis/program/media/zf_processed_videos/c1_38/person_frames/frame_246.jpg,0:00:07,1,1,0.0057,0,2.1451,0,0.1287,0,0.114,0,0.001,0
153,247,469,455,556,732,/Users/Documents/thesis/program/media/zf_processed_videos/c1_38/person_frames/frame_247.jpg,0:00:07,1,0,0.1012,0,2.6864,0,0.1814,0,0.2117,0,0.0026,0
154,248,451,456,548,739,/Users/Documents/thesis/program/media/zf_processed_videos/c1_38/person_frames/frame_248.jpg,0:00:07,1,1,0.0334,1,2.1819,1,0.2001,0,0.1713,0,0.0052,0
155,248,213,482,263,678,/Users/Documents/thesis/program/media/zf_processed_videos/c1_38/person_frames/frame_248.jpg,0:00:07,1,0,0.0047,0,1.6891,0,0.1025,0,0.114,0,0.0012,0
156,250,443,449,545,742,/Users/Documents/thesis/program/media/zf_processed_videos/c1_38/person_frames/frame_250.jpg,0:00:07,1,1,0.0568,0,2.2365,1,0.1802,0,0.1675,0,0.007,0
157,252,434,445,535,755,/Users/Documents/thesis/program/media/zf_processed_videos/c1_38/person_frames/frame_252.jpg,0:00:07,1,1,0.0252,1,2.0001,1,0.2192,0,0.1697,0,0.0068,0
158,254,419,429,528,759,/Users/Documents/thesis/program/media/zf_processed_videos/c1_38/person_frames/frame_254.jpg,0:00:07,1,1,0.0158,1,2.0889,1,0.1713,0,0.2134,0,0.0066,0
159,255,417,427,528,757,/Users/Documents/thesis/program/media/zf_processed_videos/c1_38/person_frames/frame_255.jpg,0:00:07,1,1,0.0229,0,3.7809,1,0.1709,0,0.1674,0,0.0044,0
160,256,410,426,526,763,/Users/Documents/thesis/program/media/zf_processed_videos/c1_38/person_frames/frame_256.jpg,0:00:07,1,1,0.0275,1,2.5403,1,0.1814,0,0.1885,0,0.0495,0
161,256,171,463,252,740,/Users/Documents/thesis/program/media/zf_processed_videos/c1_38/person_frames/frame_256.jpg,0:00:07,1,0,0.0146,0,1.8412,0,0.147,0,0.1153,0,0.0035,0
162,257,408,435,526,768,/Users/Documents/thesis/program/media/zf_processed_videos/c1_38/person_frames/frame_257.jpg,0:00:07,1,1,0.0099,0,2.5802,1,0.1891,0,0.1734,0,0.0088,0
163,258,402,429,526,770,/Users/Documents/thesis/program/media/zf_processed_videos/c1_38/person_frames/frame_258.jpg,0:00:07,1,1,0.0097,1,2.5969,1,0.1795,0,0.2174,0,0.0064,0
164,258,153,489,246,745,/Users/Documents/thesis/program/media/zf_processed_videos/c1_38/person_frames/frame_258.jpg,0:00:07,1,0,0.0044,0,2.3983,0,0.1594,0,0.1531,0,0.0018,0
165,258,213,536,265,681,/Users/Documents/thesis/program/media/zf_processed_videos/c1_38/person_frames/frame_258.jpg,0:00:07,0,0,0.0023,0,2.5038,0,0.1405,0,0.1584,0,0.0009,0
166,259,396,433,522,780,/Users/Documents/thesis/program/media/zf_processed_videos/c1_38/person_frames/frame_259.jpg,0:00:07,1,1,0.0131,0,3.2647,1,0.2735,0,0.1822,0,0.0069,0
167,259,151,481,247,744,/Users/Documents/thesis/program/media/zf_processed_videos/c1_38/person_frames/frame_259.jpg,0:00:07,1,0,0.0032,0,9.3624,0,0.156,0,0.1545,0,0.0015,0
168,260,389,436,503,781,/Users/Documents/thesis/program/media/zf_processed_videos/c1_38/person_frames/frame_260.jpg,0:00:07,1,1,0.0302,1,5.0338,1,0.1735,0,0.1713,1,0.0098,0
169,261,385,480,495,775,/Users/Documents/thesis/program/media/zf_processed_videos/c1_38/person_frames/frame_261.jpg,0:00:07,1,0,0.015,0,10.3381,0,0.1978,0,0.1754,0,0.0031,0
170,262,378,437,494,784,/Users/Documents/thesis/program/media/zf_processed_videos/c1_38/person_frames/frame_262.jpg,0:00:07,1,1,0.0259,1,6.5972,1,0.1624,0,0.1596,0,0.0053,0
171,263,373,444,493,792,/Users/Documents/thesis/program/media/zf_processed_videos/c1_38/person_frames/frame_263.jpg,0:00:08,1,1,0.0131,0,2.5265,1,0.2459,0,0.183,0,0.0051,0
172,264,357,438,488,797,/Users/Documents/thesis/program/media/zf_processed_videos/c1_38/person_frames/frame_264.jpg,0:00:08,1,1,0.0384,1,2.916,1,0.2361,0,0.2187,0,0.0087,0
173,264,137,467,238,746,/Users/Documents/thesis/program/media/zf_processed_videos/c1_38/person_frames/frame_264.jpg,0:00:08,1,0,0.0094,0,4.2399,0,0.1431,0,0.1504,0,0.0035,0
174,264,137,479,208,740,/Users/Documents/thesis/program/media/zf_processed_videos/c1_38/person_frames/frame_264.jpg,0:00:08,1,0,0.0053,0,2.8582,0,0.1204,0,0.1011,0,0.0015,0
175,265,356,446,484,800,/Users/Documents/thesis/program/media/zf_processed_videos/c1_38/person_frames/frame_265.jpg,0:00:08,1,0,0.0148,0,2.7143,0,0.2273,0,0.1976,0,0.004,0
176,266,353,432,481,807,/Users/Documents/thesis/program/media/zf_processed_videos/c1_38/person_frames/frame_266.jpg,0:00:08,1,1,0.0345,1,2.9607,1,0.1888,0,0.1704,0,0.0089,0
177,266,128,467,208,739,/Users/Documents/thesis/program/media/zf_processed_videos/c1_38/person_frames/frame_266.jpg,0:00:08,1,0,0.0112,0,2.3641,0,0.1203,0,0.1145,0,0.0018,0
178,266,125,465,236,753,/Users/Documents/thesis/program/media/zf_processed_videos/c1_38/person_frames/frame_266.jpg,0:00:08,1,0,0.0137,0,2.9148,0,0.1666,0,0.1515,0,0.0035,0
179,267,345,439,479,805,/Users/Documents/thesis/program/media/zf_processed_videos/c1_38/person_frames/frame_267.jpg,0:00:08,1,1,0.0234,0,2.8441,0,0.2033,0,0.1604,0,0.0055,0
180,267,180,535,238,694,/Users/Documents/thesis/program/media/zf_processed_videos/c1_38/person_frames/frame_267.jpg,0:00:08,1,0,0.0035,0,9.0965,0,0.1467,0,0.1537,0,0.001,0
181,267,131,467,200,702,/Users/Documents/thesis/program/media/zf_processed_videos/c1_38/person_frames/frame_267.jpg,0:00:08,1,0,0.0024,0,4.0493,0,0.1304,0,0.1208,0,0.0008,0
182,268,344,430,476,813,/Users/Documents/thesis/program/media/zf_processed_videos/c1_38/person_frames/frame_268.jpg,0:00:08,1,1,0.0143,1,6.7518,1,0.1706,0,0.1622,0,0.0115,0
183,270,329,417,456,820,/Users/Documents/thesis/program/media/zf_processed_videos/c1_38/person_frames/frame_270.jpg,0:00:08,1,1,0.039,1,3.048,1,0.1512,0,0.1712,0,0.0105,0
184,270,167,532,234,696,/Users/Documents/thesis/program/media/zf_processed_videos/c1_38/person_frames/frame_270.jpg,0:00:08,1,0,0.0072,0,3.3848,0,0.149,0,0.1768,0,0.0021,0
185,271,326,429,441,823,/Users/Documents/thesis/program/media/zf_processed_videos/c1_38/person_frames/frame_271.jpg,0:00:08,1,1,0.0139,0,2.4546,1,0.1521,0,0.1678,0,0.0046,0
186,272,317,414,428,829,/Users/Documents/thesis/program/media/zf_processed_videos/c1_38/person_frames/frame_272.jpg,0:00:08,1,1,0.0281,0,2.1433,1,0.1832,0,0.1454,0,0.0077,0
187,273,294,411,423,803,/Users/Documents/thesis/program/media/zf_processed_videos/c1_38/person_frames/frame_273.jpg,0:00:08,1,0,0.0071,0,2.4502,0,0.1679,0,0.1911,0,0.0057,0
188,274,295,410,410,817,/Users/Documents/thesis/program/media/zf_processed_videos/c1_38/person_frames/frame_274.jpg,0:00:08,1,1,0.0302,0,2.1537,1,0.1547,0,1.3527,1,0.0068,0
189,275,288,423,401,810,/Users/Documents/thesis/program/media/zf_processed_videos/c1_38/person_frames/frame_275.jpg,0:00:08,1,0,0.0157,0,2.4253,0,0.161,0,0.273,0,0.004,0
190,276,278,413,397,844,/Users/Documents/thesis/program/media/zf_processed_videos/c1_38/person_frames/frame_276.jpg,0:00:08,1,1,0.0265,1,2.1398,1,0.1555,0,2.2857,1,0.0129,0
191,277,270,416,384,841,/Users/Documents/thesis/program/media/zf_processed_videos/c1_38/person_frames/frame_277.jpg,0:00:08,1,0,0.0092,0,3.0036,0,0.1764,0,1.6344,0,0.0036,0
192,278,259,414,382,854,/Users/Documents/thesis/program/media/zf_processed_videos/c1_38/person_frames/frame_278.jpg,0:00:08,1,1,0.0153,0,2.9689,1,0.1352,0,0.2936,0,0.0099,0
193,279,247,423,377,850,/Users/Documents/thesis/program/media/zf_processed_videos/c1_38/person_frames/frame_279.jpg,0:00:08,1,0,0.0177,0,2.0239,0,0.1671,0,0.3696,0,0.0047,0
194,280,237,434,370,865,/Users/Documents/thesis/program/media/zf_processed_videos/c1_38/person_frames/frame_280.jpg,0:00:08,1,1,0.0191,1,1.9718,1,0.1758,0,0.3938,1,0.0115,0
195,281,225,438,350,789,/Users/Documents/thesis/program/media/zf_processed_videos/c1_38/person_frames/frame_281.jpg,0:00:08,1,0,0.0144,0,2.1676,0,0.2385,0,0.3024,0,0.0042,0
196,286,177,470,288,797,/Users/Documents/thesis/program/media/zf_processed_videos/c1_38/person_frames/frame_286.jpg,0:00:08,1,0,0.015,0,2.1597,0,0.1645,0,0.2454,0,0.0046,0
197,287,152,477,272,812,/Users/Documents/thesis/program/media/zf_processed_videos/c1_38/person_frames/frame_287.jpg,0:00:08,1,0,0.015,0,2.0269,0,0.1718,0,0.2744,0,0.0024,0
198,289,130,422,247,833,/Users/Documents/thesis/program/media/zf_processed_videos/c1_38/person_frames/frame_289.jpg,0:00:08,1,0,0.0076,0,1.7764,0,0.1555,0,0.2279,0,0.0028,0
199,289,22,472,147,795,/Users/Documents/thesis/program/media/zf_processed_videos/c1_38/person_frames/frame_289.jpg,0:00:08,1,0,0.0088,0,7.9359,0,0.1539,0,1.203,0,0.0018,0
200,290,26,487,135,746,/Users/Documents/thesis/program/media/zf_processed_videos/c1_38/person_frames/frame_290.jpg,0:00:08,1,0,0.0065,0,7.2524,0,0.1728,0,0.3143,0,0.0026,0
201,290,121,450,227,837,/Users/Documents/thesis/program/media/zf_processed_videos/c1_38/person_frames/frame_290.jpg,0:00:08,1,0,0.0078,0,2.3252,0,0.116,0,0.6586,0,0.0067,0
202,291,107,448,215,846,/Users/Documents/thesis/program/media/zf_processed_videos/c1_38/person_frames/frame_291.jpg,0:00:08,1,0,0.0109,0,1.9803,0,0.1393,0,0.4182,0,0.0019,0
203,291,19,459,122,762,/Users/Documents/thesis/program/media/zf_processed_videos/c1_38/person_frames/frame_291.jpg,0:00:08,1,0,0.0078,0,2.2192,0,0.1375,0,0.3046,0,0.0011,0
204,416,739,524,781,642,/Users/Documents/thesis/program/media/zf_processed_videos/c1_38/person_frames/frame_416.jpg,0:00:12,0,0,0.009,0,2.4069,0,0.2155,0,0.245,0,0.0013,0
205,464,652,543,688,634,/Users/Documents/thesis/program/media/zf_processed_videos/c1_38/person_frames/frame_464.jpg,0:00:13,0,0,0.0285,0,2.4997,0,0.1984,0,0.3437,0,0.0011,0
206,485,1564,732,1688,980,/Users/Documents/thesis/program/media/zf_processed_videos/c1_38/person_frames/frame_485.jpg,0:00:14,0,0,0.0285,0,3.1426,0,0.2287,0,0.4777,0,0.0026,0
207,487,1597,751,1752,983,/Users/Documents/thesis/program/media/zf_processed_videos/c1_38/person_frames/frame_487.jpg,0:00:14,0,0,0.0327,0,4.5837,0,0.3078,0,0.6989,0,0.0024,0
208,499,1752,524,1823,670,/Users/Documents/thesis/program/media/zf_processed_videos/c1_38/person_frames/frame_499.jpg,0:00:14,0,0,0.0176,0,3.576,0,0.2318,0,0.3309,0,0.0019,0
209,503,1513,438,1576,683,/Users/Documents/thesis/program/media/zf_processed_videos/c1_38/person_frames/frame_503.jpg,0:00:14,0,0,0.0231,0,1.8707,0,0.3374,0,0.1627,0,0.0022,0
210,532,0,534,114,976,/Users/Documents/thesis/program/media/zf_processed_videos/c1_38/person_frames/frame_532.jpg,0:00:15,0,0,0.0526,0,2.5328,0,0.2893,0,0.1336,0,0.0093,0
211,567,315,515,373,597,/Users/Documents/thesis/program/media/zf_processed_videos/c1_38/person_frames/frame_567.jpg,0:00:16,0,0,0.058,0,2.9713,0,0.3089,0,0.2894,0,0.0014,0
212,624,164,502,234,602,/Users/Documents/thesis/program/media/zf_processed_videos/c1_38/person_frames/frame_624.jpg,0:00:18,0,0,0.0442,0,7.9035,0,0.2804,0,0.3,0,0.0019,0
213,645,151,509,189,604,/Users/Documents/thesis/program/media/zf_processed_videos/c1_38/person_frames/frame_645.jpg,0:00:18,0,0,0.0045,0,5.9525,0,0.2017,0,0.2074,0,0.0011,0
214,659,905,461,947,607,/Users/Documents/thesis/program/media/zf_processed_videos/c1_38/person_frames/frame_659.jpg,0:00:19,1,0,0.039,0,2.422,0,0.1591,0,0.1676,0,0.0012,0
215,666,79,514,152,626,/Users/Documents/thesis/program/media/zf_processed_videos/c1_38/person_frames/frame_666.jpg,0:00:19,0,0,0.0438,0,2.9359,0,0.2569,0,0.4048,0,0.0016,0
216,678,98,522,134,628,/Users/Documents/thesis/program/media/zf_processed_videos/c1_38/person_frames/frame_678.jpg,0:00:19,0,0,0.0289,0,2.4394,0,0.1688,0,0.1492,0,0.0011,0
217,682,801,496,878,643,/Users/Documents/thesis/program/media/zf_processed_videos/c1_38/person_frames/frame_682.jpg,0:00:19,1,0,0.0275,0,3.6641,0,0.2573,0,0.2105,0,0.0019,0
218,684,803,491,865,628,/Users/Documents/thesis/program/media/zf_processed_videos/c1_38/person_frames/frame_684.jpg,0:00:20,1,0,0.0121,0,2.9881,0,0.2079,0,0.2188,0,0.0015,0
219,744,521,557,592,697,/Users/Documents/thesis/program/media/zf_processed_videos/c1_38/person_frames/frame_744.jpg,0:00:21,1,0,0.0086,0,3.602,0,0.4617,0,0.2267,0,0.0012,0
220,745,520,546,589,700,/Users/Documents/thesis/program/media/zf_processed_videos/c1_38/person_frames/frame_745.jpg,0:00:21,1,0,0.0128,0,3.7592,0,0.442,0,0.1887,0,0.0016,0
221,749,518,545,572,705,/Users/Documents/thesis/program/media/zf_processed_videos/c1_38/person_frames/frame_749.jpg,0:00:21,1,0,0.0078,0,3.2486,0,0.4207,0,0.1692,0,0.0015,0
222,755,475,548,545,710,/Users/Documents/thesis/program/media/zf_processed_videos/c1_38/person_frames/frame_755.jpg,0:00:22,1,0,0.0167,0,3.427,0,0.4111,0,0.4667,0,0.0025,0
223,755,0,539,27,673,/Users/Documents/thesis/program/media/zf_processed_videos/c1_38/person_frames/frame_755.jpg,0:00:22,0,0,0.0001,0,0,0,0,0,0.0001,0,0,0
224,778,312,616,368,750,/Users/Documents/thesis/program/media/zf_processed_videos/c1_38/person_frames/frame_778.jpg,0:00:22,1,0,0.0106,0,2.9628,0,0.3346,0,0.2073,0,0.0012,0
225,780,290,521,349,754,/Users/Documents/thesis/program/media/zf_processed_videos/c1_38/person_frames/frame_780.jpg,0:00:22,1,0,0.0122,0,1.8998,0,0.4033,0,0.1607,0,0.0018,0
226,782,274,534,335,751,/Users/Documents/thesis/program/media/zf_processed_videos/c1_38/person_frames/frame_782.jpg,0:00:22,1,0,0.0232,0,2.0416,0,0.4401,0,0.1649,0,0.0018,0
227,784,247,521,323,754,/Users/Documents/thesis/program/media/zf_processed_videos/c1_38/person_frames/frame_784.jpg,0:00:22,1,0,0.0198,0,2.2354,0,0.3542,0,0.1705,0,0.0025,0
228,786,226,531,314,757,/Users/Documents/thesis/program/media/zf_processed_videos/c1_38/person_frames/frame_786.jpg,0:00:22,1,0,0.0216,0,2.8812,0,0.9602,0,0.1935,0,0.003,0
229,788,209,522,300,758,/Users/Documents/thesis/program/media/zf_processed_videos/c1_38/person_frames/frame_788.jpg,0:00:23,1,0,0.0223,0,7.8112,0,0.7528,0,0.2036,0,0.0038,0
230,790,193,528,285,757,/Users/Documents/thesis/program/media/zf_processed_videos/c1_38/person_frames/frame_790.jpg,0:00:23,1,0,0.0186,0,6.4715,0,0.9087,0,0.1842,0,0.004,0
231,790,195,631,283,757,/Users/Documents/thesis/program/media/zf_processed_videos/c1_38/person_frames/frame_790.jpg,0:00:23,1,0,0.0117,0,2.4974,0,3.8832,0,0.2482,0,0.0018,0
232,792,171,470,264,755,/Users/Documents/thesis/program/media/zf_processed_videos/c1_38/person_frames/frame_792.jpg,0:00:23,1,0,0.0166,0,2.1827,0,0.6641,0,0.2316,0,0.0042,0
233,794,149,472,233,757,/Users/Documents/thesis/program/media/zf_processed_videos/c1_38/person_frames/frame_794.jpg,0:00:23,1,0,0.0198,0,2.2779,0,1.8177,0,0.1632,0,0.0038,0
234,796,119,507,207,755,/Users/Documents/thesis/program/media/zf_processed_videos/c1_38/person_frames/frame_796.jpg,0:00:23,1,0,0.0109,0,2.4088,0,2.5519,0,0.1648,0,0.0034,0
235,802,70,498,145,752,/Users/Documents/thesis/program/media/zf_processed_videos/c1_38/person_frames/frame_802.jpg,0:00:23,1,0,0.0239,0,1.7605,0,0.3921,0,0.1703,0,0.0031,0
236,804,54,514,132,747,/Users/Documents/thesis/program/media/zf_processed_videos/c1_38/person_frames/frame_804.jpg,0:00:23,1,0,0.0197,0,1.9104,0,2.14,0,0.2118,0,0.0028,0
237,805,34,500,105,741,/Users/Documents/thesis/program/media/zf_processed_videos/c1_38/person_frames/frame_805.jpg,0:00:23,1,0,0.0143,0,1.9406,0,1.4199,0,0.2547,0,0.002,0
238,817,1219,605,1267,737,/Users/Documents/thesis/program/media/zf_processed_videos/c1_38/person_frames/frame_817.jpg,0:00:23,0,0,0.0175,0,2.576,0,1.084,0,0.1936,0,0.0012,0
239,830,1320,643,1380,791,/Users/Documents/thesis/program/media/zf_processed_videos/c1_38/person_frames/frame_830.jpg,0:00:24,0,0,0.005,0,3.0202,0,0.8663,0,0.2518,0,0.0017,0
240,849,720,540,753,647,/Users/Documents/thesis/program/media/zf_processed_videos/c1_38/person_frames/frame_849.jpg,0:00:24,0,0,0.0026,0,2.1039,0,0.4581,0,0.1938,0,0.0012,0
241,862,701,547,739,653,/Users/Documents/thesis/program/media/zf_processed_videos/c1_38/person_frames/frame_862.jpg,0:00:25,0,0,0.0059,0,2.1778,0,0.4995,0,0.1878,0,0.001,0
242,862,746,540,787,629,/Users/Documents/thesis/program/media/zf_processed_videos/c1_38/person_frames/frame_862.jpg,0:00:25,0,0,0.0081,0,4.5527,0,0.4345,0,0.219,0,0.0006,0
243,864,567,552,632,720,/Users/Documents/thesis/program/media/zf_processed_videos/c1_38/person_frames/frame_864.jpg,0:00:25,0,0,0.0118,0,2.5641,0,0.5646,0,0.2078,0,0.0021,0
244,866,685,548,728,664,/Users/Documents/thesis/program/media/zf_processed_videos/c1_38/person_frames/frame_866.jpg,0:00:25,0,0,0.0035,0,2.4683,0,1.3328,0,0.1815,0,0.001,0
245,866,743,545,778,640,/Users/Documents/thesis/program/media/zf_processed_videos/c1_38/person_frames/frame_866.jpg,0:00:25,0,0,0.0064,0,2.7703,0,0.3348,0,0.1576,0,0.0006,0
246,866,739,546,770,637,/Users/Documents/thesis/program/media/zf_processed_videos/c1_38/person_frames/frame_866.jpg,0:00:25,0,0,0.0039,0,2.3237,0,0.3424,0,0.1359,0,0.0006,0
247,866,1133,558,1169,667,/Users/Documents/thesis/program/media/zf_processed_videos/c1_38/person_frames/frame_866.jpg,0:00:25,0,0,0.0099,0,3.1095,0,0.2822,0,0.1271,0,0.0007,0
248,866,791,539,829,609,/Users/Documents/thesis/program/media/zf_processed_videos/c1_38/person_frames/frame_866.jpg,0:00:25,0,0,0.0071,0,3.4531,0,0.7089,0,0.1774,0,0.0001,0
249,866,731,553,761,644,/Users/Documents/thesis/program/media/zf_processed_videos/c1_38/person_frames/frame_866.jpg,0:00:25,0,0,0.0009,0,0,0,0,0,0,0,0,0
250,868,682,543,728,666,/Users/Documents/thesis/program/media/zf_processed_videos/c1_38/person_frames/frame_868.jpg,0:00:25,0,0,0.0138,0,8.0405,0,0.3032,0,0.1819,0,0.0011,0
251,868,737,543,774,634,/Users/Documents/thesis/program/media/zf_processed_videos/c1_38/person_frames/frame_868.jpg,0:00:25,0,0,0.0079,0,7.4747,0,0.2332,0,0.154,0,0.0006,0
252,868,789,541,831,617,/Users/Documents/thesis/program/media/zf_processed_videos/c1_38/person_frames/frame_868.jpg,0:00:25,0,0,0.0066,0,3.8481,0,0.4188,0,0.2192,0,0.0008,0
253,868,526,556,613,744,/Users/Documents/thesis/program/media/zf_processed_videos/c1_38/person_frames/frame_868.jpg,0:00:25,0,0,0.0282,0,2.8641,0,0.4149,0,0.1549,0,0.0028,0
254,868,730,541,781,639,/Users/Documents/thesis/program/media/zf_processed_videos/c1_38/person_frames/frame_868.jpg,0:00:25,0,0,0.0129,0,3.0745,0,0.5103,0,0.1748,0,0.001,0
255,870,723,544,759,646,/Users/Documents/thesis/program/media/zf_processed_videos/c1_38/person_frames/frame_870.jpg,0:00:25,0,0,0.0037,0,2.1819,0,0.5087,0,0.175,0,0.001,0
256,870,732,546,764,639,/Users/Documents/thesis/program/media/zf_processed_videos/c1_38/person_frames/frame_870.jpg,0:00:25,0,0,0.0027,0,2.5292,0,0.3145,0,0.142,0,0.0005,0
257,870,637,582,680,708,/Users/Documents/thesis/program/media/zf_processed_videos/c1_38/person_frames/frame_870.jpg,0:00:25,0,0,0.0082,0,2.4043,0,0.2596,0,0.1335,0,0.0009,0
258,870,679,547,719,665,/Users/Documents/thesis/program/media/zf_processed_videos/c1_38/person_frames/frame_870.jpg,0:00:25,0,0,0.0066,0,2.148,0,0.3151,0,0.1984,0,0.0006,0
259,872,790,524,829,610,/Users/Documents/thesis/program/media/zf_processed_videos/c1_38/person_frames/frame_872.jpg,0:00:25,0,0,0.0063,0,3.042,0,0.3688,0,0.2945,0,0.0014,0
260,872,720,537,769,646,/Users/Documents/thesis/program/media/zf_processed_videos/c1_38/person_frames/frame_872.jpg,0:00:25,0,0,0.0084,0,2.8908,0,0.464,0,0.185,0,0.0008,0
261,872,676,542,722,666,/Users/Documents/thesis/program/media/zf_processed_videos/c1_38/person_frames/frame_872.jpg,0:00:25,0,0,0.0058,0,1.9353,0,0.6081,0,0.1433,0,0.0009,0
262,872,733,538,774,638,/Users/Documents/thesis/program/media/zf_processed_videos/c1_38/person_frames/frame_872.jpg,0:00:25,0,0,0.0078,0,2.5564,0,0.7598,0,0.1543,0,0.0007,0
263,874,614,569,661,712,/Users/Documents/thesis/program/media/zf_processed_videos/c1_38/person_frames/frame_874.jpg,0:00:25,0,0,0.0141,0,1.8316,0,0.484,0,0.2297,0,0.0012,0
264,874,715,535,762,640,/Users/Documents/thesis/program/media/zf_processed_videos/c1_38/person_frames/frame_874.jpg,0:00:25,0,0,0.0103,0,2.8288,0,0.5845,0,0.1917,0,0.0002,0
265,874,788,528,825,608,/Users/Documents/thesis/program/media/zf_processed_videos/c1_38/person_frames/frame_874.jpg,0:00:25,0,0,0.0112,0,2.5313,0,0.5545,0,0.187,0,0.0005,0
266,883,691,533,743,650,/Users/Documents/thesis/program/media/zf_processed_videos/c1_38/person_frames/frame_883.jpg,0:00:25,0,0,0.0142,0,2.4473,0,0.7545,0,0.2667,0,0.0014,0
267,885,685,531,740,653,/Users/Documents/thesis/program/media/zf_processed_videos/c1_38/person_frames/frame_885.jpg,0:00:25,0,0,0.0101,0,2.8672,0,1.7104,0,0.203,0,0.0015,0
268,889,668,532,731,654,/Users/Documents/thesis/program/media/zf_processed_videos/c1_38/person_frames/frame_889.jpg,0:00:25,0,0,0.028,0,8.0091,0,0.6153,0,0.2216,0,0.0014,0
269,889,1205,516,1281,719,/Users/Documents/thesis/program/media/zf_processed_videos/c1_38/person_frames/frame_889.jpg,0:00:25,0,0,0.0397,0,6.0055,0,1.1756,0,0.1587,0,0.0021,0
270,889,1171,535,1212,681,/Users/Documents/thesis/program/media/zf_processed_videos/c1_38/person_frames/frame_889.jpg,0:00:25,0,0,0.029,0,2.6189,0,1.256,0,0.1162,0,0.0007,0
271,890,1193,571,1245,711,/Users/Documents/thesis/program/media/zf_processed_videos/c1_38/person_frames/frame_890.jpg,0:00:25,0,0,0.0114,0,3.8981,0,2.08,0,0.1883,0,0.001,0
272,891,659,528,728,652,/Users/Documents/thesis/program/media/zf_processed_videos/c1_38/person_frames/frame_891.jpg,0:00:25,0,0,0.0138,0,3.1431,0,0.8186,0,0.2199,0,0.0021,0
273,891,1171,536,1217,679,/Users/Documents/thesis/program/media/zf_processed_videos/c1_38/person_frames/frame_891.jpg,0:00:25,0,0,0.0085,0,1.7144,0,0.5873,0,0.1149,0,0.0009,0
274,892,657,531,723,665,/Users/Documents/thesis/program/media/zf_processed_videos/c1_38/person_frames/frame_892.jpg,0:00:25,0,0,0.0089,0,2.9414,0,0.7684,0,0.1873,0,0.0012,0
275,892,1201,557,1262,722,/Users/Documents/thesis/program/media/zf_processed_videos/c1_38/person_frames/frame_892.jpg,0:00:25,0,0,0.0098,0,2.2393,0,0.3077,0,0.1325,0,0.0007,0
276,892,1170,559,1209,687,/Users/Documents/thesis/program/media/zf_processed_videos/c1_38/person_frames/frame_892.jpg,0:00:25,0,0,0.0086,0,1.8372,0,0.2342,0,0.1191,0,0.0006,0
277,893,648,529,705,662,/Users/Documents/thesis/program/media/zf_processed_videos/c1_38/person_frames/frame_893.jpg,0:00:26,0,0,0.0255,0,2.4713,0,0.4834,0,0.2361,0,0.0013,0
278,895,640,526,716,658,/Users/Documents/thesis/program/media/zf_processed_videos/c1_38/person_frames/frame_895.jpg,0:00:26,0,0,0.0226,0,2.5469,0,0.718,0,0.2681,0,0.0023,0
279,898,620,525,698,666,/Users/Documents/thesis/program/media/zf_processed_videos/c1_38/person_frames/frame_898.jpg,0:00:26,0,0,0.0129,0,2.9485,0,0.6334,0,0.2429,0,0.0024,0
280,901,1210,554,1264,697,/Users/Documents/thesis/program/media/zf_processed_videos/c1_38/person_frames/frame_901.jpg,0:00:26,0,0,0.0149,0,2.4161,0,1.3393,1,0.1884,0,0.0012,0
281,901,1242,544,1340,753,/Users/Documents/thesis/program/media/zf_processed_videos/c1_38/person_frames/frame_901.jpg,0:00:26,0,0,0.0156,0,2.6799,0,0.4667,0,0.1522,0,0.001,0
282,902,719,515,771,623,/Users/Documents/thesis/program/media/zf_processed_videos/c1_38/person_frames/frame_902.jpg,0:00:26,0,0,0.0196,0,2.8196,0,0.5018,0,0.2558,0,0.0012,0
283,903,1254,544,1330,725,/Users/Documents/thesis/program/media/zf_processed_videos/c1_38/person_frames/frame_903.jpg,0:00:26,0,0,0.0116,0,2.3353,0,0.4029,0,0.1714,0,0.0012,0
284,904,586,517,656,670,/Users/Documents/thesis/program/media/zf_processed_videos/c1_38/person_frames/frame_904.jpg,0:00:26,0,0,0.0156,0,2.6923,0,0.5191,0,0.1997,0,0.002,0
285,905,1350,559,1439,774,/Users/Documents/thesis/program/media/zf_processed_videos/c1_38/person_frames/frame_905.jpg,0:00:26,0,0,0.0058,0,2.4856,0,0.5973,0,0.1715,0,0.0013,0
286,906,572,518,640,674,/Users/Documents/thesis/program/media/zf_processed_videos/c1_38/person_frames/frame_906.jpg,0:00:26,0,0,0.0136,0,3.4204,0,4.0416,0,0.2122,0,0.0022,0
287,906,582,516,665,668,/Users/Documents/thesis/program/media/zf_processed_videos/c1_38/person_frames/frame_906.jpg,0:00:26,0,0,0.0106,0,7.0513,0,0.7868,0,0.1958,0,0.002,0
288,910,736,498,772,599,/Users/Documents/thesis/program/media/zf_processed_videos/c1_38/person_frames/frame_910.jpg,0:00:26,0,0,0.0032,0,5.8795,0,0.4476,0,0.2041,0,0.0011,0
289,910,1145,506,1185,641,/Users/Documents/thesis/program/media/zf_processed_videos/c1_38/person_frames/frame_910.jpg,0:00:26,0,0,0.003,0,1.996,0,0.5433,0,0.1244,0,0.0007,0
290,912,541,517,616,690,/Users/Documents/thesis/program/media/zf_processed_videos/c1_38/person_frames/frame_912.jpg,0:00:26,0,0,0.0175,0,2.7012,0,1.4689,0,0.2061,0,0.0021,0
291,912,541,515,659,684,/Users/Documents/thesis/program/media/zf_processed_videos/c1_38/person_frames/frame_912.jpg,0:00:26,0,0,0.0149,0,2.1113,0,2.7734,0,0.2544,0,0.0036,0
292,913,1444,725,1484,835,/Users/Documents/thesis/program/media/zf_processed_videos/c1_38/person_frames/frame_913.jpg,0:00:26,0,0,0.0068,0,1.7237,0,1.4839,0,0.1635,0,0.0013,0
293,916,674,526,723,644,/Users/Documents/thesis/program/media/zf_processed_videos/c1_38/person_frames/frame_916.jpg,0:00:26,0,0,0.0106,0,2.4268,0,1.8752,0,0.2296,0,0.0014,0
294,916,514,520,643,699,/Users/Documents/thesis/program/media/zf_processed_videos/c1_38/person_frames/frame_916.jpg,0:00:26,0,0,0.0175,0,2.0558,0,0.5559,0,0.2572,0,0.0053,0
295,918,669,527,721,647,/Users/Documents/thesis/program/media/zf_processed_videos/c1_38/person_frames/frame_918.jpg,0:00:26,0,0,0.0051,0,2.5236,0,0.6262,0,0.2133,0,0.0012,0
296,931,690,497,729,622,/Users/Documents/thesis/program/media/zf_processed_videos/c1_38/person_frames/frame_931.jpg,0:00:27,0,0,0.0044,0,1.5032,0,0.456,0,0.1662,0,0.001,0
297,933,686,508,726,635,/Users/Documents/thesis/program/media/zf_processed_videos/c1_38/person_frames/frame_933.jpg,0:00:27,0,0,0.005,0,1.7231,0,0.2846,0,0.1587,0,0.0011,0
298,949,504,536,600,734,/Users/Documents/thesis/program/media/zf_processed_videos/c1_38/person_frames/frame_949.jpg,0:00:27,0,0,0.005,0,2.7313,0,0.4453,0,0.2018,0,0.0023,0
299,951,487,537,581,754,/Users/Documents/thesis/program/media/zf_processed_videos/c1_38/person_frames/frame_951.jpg,0:00:27,0,0,0.0044,0,2.3697,0,0.7349,0,0.1955,0,0.0016,0
300,953,473,539,574,754,/Users/Documents/thesis/program/media/zf_processed_videos/c1_38/person_frames/frame_953.jpg,0:00:27,0,0,0.0087,0,2.6364,0,0.9142,0,0.2317,0,0.0015,0
301,954,584,562,635,713,/Users/Documents/thesis/program/media/zf_processed_videos/c1_38/person_frames/frame_954.jpg,0:00:27,0,0,0.0067,0,1.8106,0,0.5694,0,0.1803,0,0.0014,0
302,955,451,545,562,766,/Users/Documents/thesis/program/media/zf_processed_videos/c1_38/person_frames/frame_955.jpg,0:00:27,0,0,0.0093,0,2.7738,0,1.0185,0,0.2452,0,0.0018,0
303,958,698,528,736,653,/Users/Documents/thesis/program/media/zf_processed_videos/c1_38/person_frames/frame_958.jpg,0:00:27,0,0,0.0058,0,1.6672,0,0.3913,0,0.1591,0,0.0011,0
304,965,1211,573,1250,683,/Users/Documents/thesis/program/media/zf_processed_videos/c1_38/person_frames/frame_965.jpg,0:00:28,0,0,0.0027,0,2.0949,0,1.132,0,0.1786,0,0.0012,0
305,970,565,593,601,718,/Users/Documents/thesis/program/media/zf_processed_videos/c1_38/person_frames/frame_970.jpg,0:00:28,0,0,0.0055,0,1.4682,0,0.7046,0,0.1534,0,0.001,0
306,974,548,598,582,734,/Users/Documents/thesis/program/media/zf_processed_videos/c1_38/person_frames/frame_974.jpg,0:00:28,0,0,0.0033,0,1.5479,0,0.289,0,0.1703,0,0.0009,0
307,983,870,505,895,570,/Users/Documents/thesis/program/media/zf_processed_videos/c1_38/person_frames/frame_983.jpg,0:00:28,0,0,0,0,0,0,0.0001,0,0,0,0,0
308,988,615,528,694,691,/Users/Documents/thesis/program/media/zf_processed_videos/c1_38/person_frames/frame_988.jpg,0:00:28,0,0,0.0041,0,2.3811,0,1.0768,0,0.2445,0,0.0021,0
309,990,1299,516,1379,695,/Users/Documents/thesis/program/media/zf_processed_videos/c1_38/person_frames/frame_990.jpg,0:00:28,0,0,0.0112,0,4.0332,0,4.4647,0,0.1894,0,0.0025,0
310,990,745,525,783,628,/Users/Documents/thesis/program/media/zf_processed_videos/c1_38/person_frames/frame_990.jpg,0:00:28,0,0,0.0009,0,7.962,0,1.0404,0,0.1472,0,0.0007,0
311,990,619,523,688,690,/Users/Documents/thesis/program/media/zf_processed_videos/c1_38/person_frames/frame_990.jpg,0:00:28,0,0,0.0032,0,3.6178,0,0.4788,0,0.1436,0,0.0016,0
312,996,767,525,801,629,/Users/Documents/thesis/program/media/zf_processed_videos/c1_38/person_frames/frame_996.jpg,0:00:28,0,0,0.0027,0,2.3078,0,0.5163,0,0.1921,0,0.0009,0
313,1011,808,515,851,601,/Users/Documents/thesis/program/media/zf_processed_videos/c1_38/person_frames/frame_1011.jpg,0:00:29,0,0,0.0095,0,2.621,0,0.2653,0,0.4009,0,0.0015,0
314,1011,802,515,828,603,/Users/Documents/thesis/program/media/zf_processed_videos/c1_38/person_frames/frame_1011.jpg,0:00:29,0,0,0,0,0,0,0,0,0,0,0,0
315,1025,730,562,776,686,/Users/Documents/thesis/program/media/zf_processed_videos/c1_38/person_frames/frame_1025.jpg,0:00:29,0,0,0.0054,0,7.0761,0,0.2179,0,0.4281,0,0.0011,0
316,1029,807,532,853,626,/Users/Documents/thesis/program/media/zf_processed_videos/c1_38/person_frames/frame_1029.jpg,0:00:29,0,0,0.0039,0,6.1524,0,0.3229,0,0.4265,0,0.001,0
317,1030,808,532,854,627,/Users/Documents/thesis/program/media/zf_processed_videos/c1_38/person_frames/frame_1030.jpg,0:00:29,0,0,0.0014,0,4.2201,0,0.22,0,0.3896,0,0.0011,0
318,1032,803,532,843,629,/Users/Documents/thesis/program/media/zf_processed_videos/c1_38/person_frames/frame_1032.jpg,0:00:29,0,0,0.0019,0,2.2673,0,0.2243,0,0.3476,0,0.0012,0
319,1040,798,527,842,643,/Users/Documents/thesis/program/media/zf_processed_videos/c1_38/person_frames/frame_1040.jpg,0:00:30,0,0,0.0041,0,2.2011,0,0.1953,0,1.5665,0,0.001,0
320,1042,795,528,846,644,/Users/Documents/thesis/program/media/zf_processed_videos/c1_38/person_frames/frame_1042.jpg,0:00:30,0,0,0.0056,0,2.4518,0,0.1973,0,0.3734,0,0.0014,0
321,1044,801,523,848,644,/Users/Documents/thesis/program/media/zf_processed_videos/c1_38/person_frames/frame_1044.jpg,0:00:30,0,0,0.0026,0,2.2759,0,0.2333,0,0.7024,0,0.0012,0
322,1044,652,525,807,744,/Users/Documents/thesis/program/media/zf_processed_videos/c1_38/person_frames/frame_1044.jpg,0:00:30,0,0,0.0102,0,3.4224,0,0.2423,0,0.4918,0,0.0083,0
323,1046,801,519,845,645,/Users/Documents/thesis/program/media/zf_processed_videos/c1_38/person_frames/frame_1046.jpg,0:00:30,0,0,0.0062,0,7.4055,0,0.141,0,1.3749,0,0.0011,0
324,1048,800,520,847,644,/Users/Documents/thesis/program/media/zf_processed_videos/c1_38/person_frames/frame_1048.jpg,0:00:30,0,0,0.0059,0,2.9486,0,0.2041,0,0.3557,0,0.0012,0
325,1050,796,520,845,649,/Users/Documents/thesis/program/media/zf_processed_videos/c1_38/person_frames/frame_1050.jpg,0:00:30,0,0,0.0055,0,4.6731,0,0.1912,0,0.4363,0,0.0011,0
326,1052,791,523,850,653,/Users/Documents/thesis/program/media/zf_processed_videos/c1_38/person_frames/frame_1052.jpg,0:00:30,0,0,0.0057,0,2.9076,0,0.189,0,0.3539,0,0.0016,0
327,1054,788,524,847,659,/Users/Documents/thesis/program/media/zf_processed_videos/c1_38/person_frames/frame_1054.jpg,0:00:30,0,0,0.0087,0,2.7805,0,0.1863,0,0.3175,0,0.0018,0
328,1068,780,525,830,672,/Users/Documents/thesis/program/media/zf_processed_videos/c1_38/person_frames/frame_1068.jpg,0:00:31,0,0,0.0072,0,2.3388,0,0.1691,0,0.3921,0,0.0013,0
329,1078,735,526,807,690,/Users/Documents/thesis/program/media/zf_processed_videos/c1_38/person_frames/frame_1078.jpg,0:00:31,0,0,0.0042,0,13.1564,0,0.3186,0,0.4096,0,0.0015,0
330,1083,738,528,801,696,/Users/Documents/thesis/program/media/zf_processed_videos/c1_38/person_frames/frame_1083.jpg,0:00:31,0,0,0.0043,0,2.4132,0,0.1785,0,0.7077,0,0.0016,0
331,1110,853,500,887,584,/Users/Documents/thesis/program/media/zf_processed_videos/c1_38/person_frames/frame_1110.jpg,0:00:32,0,0,0.0039,0,2.5904,0,0.1855,0,0.2269,0,0.0008,0
332,1240,541,572,585,698,/Users/Documents/thesis/program/media/zf_processed_videos/c1_38/person_frames/frame_1240.jpg,0:00:35,0,0,0.0039,0,4.6882,0,0.6494,0,0.1684,0,0.0011,0
333,1259,336,470,389,676,/Users/Documents/thesis/program/media/zf_processed_videos/c1_38/person_frames/frame_1259.jpg,0:00:36,1,0,0.0037,0,1.8971,0,0.3986,0,0.1733,0,0.0013,0
334,1261,318,473,375,672,/Users/Documents/thesis/program/media/zf_processed_videos/c1_38/person_frames/frame_1261.jpg,0:00:36,1,0,0.0077,0,1.8231,0,0.1622,0,0.2135,0,0.0013,0
335,1263,307,485,363,679,/Users/Documents/thesis/program/media/zf_processed_videos/c1_38/person_frames/frame_1263.jpg,0:00:36,1,0,0.0055,0,2.0075,0,0.4488,0,0.1705,0,0.0012,0
336,1265,293,479,349,684,/Users/Documents/thesis/program/media/zf_processed_videos/c1_38/person_frames/frame_1265.jpg,0:00:36,1,0,0.0046,0,1.6831,0,1.2253,0,0.175,0,0.0012,0
337,1267,276,479,333,689,/Users/Documents/thesis/program/media/zf_processed_videos/c1_38/person_frames/frame_1267.jpg,0:00:36,1,0,0.0082,0,1.8538,0,0.1745,0,0.1674,0,0.0014,0
338,1269,261,487,320,692,/Users/Documents/thesis/program/media/zf_processed_videos/c1_38/person_frames/frame_1269.jpg,0:00:36,1,0,0.0091,0,1.9201,0,0.1761,0,0.2152,0,0.0013,0
339,1271,245,485,306,695,/Users/Documents/thesis/program/media/zf_processed_videos/c1_38/person_frames/frame_1271.jpg,0:00:36,1,0,0.0057,0,1.889,0,0.1625,0,0.3307,0,0.0013,0
340,1273,226,486,296,701,/Users/Documents/thesis/program/media/zf_processed_videos/c1_38/person_frames/frame_1273.jpg,0:00:36,1,0,0.0062,0,3.0273,0,0.1725,0,0.186,0,0.0014,0
341,1273,687,531,741,667,/Users/Documents/thesis/program/media/zf_processed_videos/c1_38/person_frames/frame_1273.jpg,0:00:36,0,0,0.005,0,3.171,0,0.1693,0,0.1682,0,0.0011,0
342,1273,148,437,177,530,/Users/Documents/thesis/program/media/zf_processed_videos/c1_38/person_frames/frame_1273.jpg,0:00:36,0,0,0,0,0.0004,0,0,0,0,0,0,0
343,1274,211,488,280,708,/Users/Documents/thesis/program/media/zf_processed_videos/c1_38/person_frames/frame_1274.jpg,0:00:36,1,0,0.0326,0,3.6908,0,0.169,0,0.1512,0,0.0015,0
344,1276,194,490,268,711,/Users/Documents/thesis/program/media/zf_processed_videos/c1_38/person_frames/frame_1276.jpg,0:00:36,1,0,0.0041,0,2.6796,0,0.1869,0,0.1865,0,0.0014,0
345,1276,120,434,160,532,/Users/Documents/thesis/program/media/zf_processed_videos/c1_38/person_frames/frame_1276.jpg,0:00:36,0,0,0.0026,0,2.7328,0,0.244,0,0.1648,0,0.0008,0
346,1278,170,485,248,716,/Users/Documents/thesis/program/media/zf_processed_videos/c1_38/person_frames/frame_1278.jpg,0:00:37,1,0,0.0094,0,2.1349,0,0.1657,0,0.1715,0,0.002,0
347,1280,155,474,228,721,/Users/Documents/thesis/program/media/zf_processed_videos/c1_38/person_frames/frame_1280.jpg,0:00:37,1,0,0.008,0,7.1414,0,0.2266,0,0.1637,0,0.0014,0
348,1282,141,485,208,720,/Users/Documents/thesis/program/media/zf_processed_videos/c1_38/person_frames/frame_1282.jpg,0:00:37,1,0,0.0042,0,4.017,0,0.1399,0,0.151,0,0.0017,0
349,1282,69,428,107,522,/Users/Documents/thesis/program/media/zf_processed_videos/c1_38/person_frames/frame_1282.jpg,0:00:37,0,0,0.002,0,6.6299,0,0.1742,0,0.1726,0,0.0007,0
350,1282,75,423,116,521,/Users/Documents/thesis/program/media/zf_processed_videos/c1_38/person_frames/frame_1282.jpg,0:00:37,0,0,0.0029,0,2.6503,0,0.1527,0,0.1519,0,0.0006,0
351,1284,119,475,192,724,/Users/Documents/thesis/program/media/zf_processed_videos/c1_38/person_frames/frame_1284.jpg,0:00:37,1,0,0.0083,0,2.2027,0,0.2025,0,0.1319,0,0.0019,0
352,1284,59,420,99,522,/Users/Documents/thesis/program/media/zf_processed_videos/c1_38/person_frames/frame_1284.jpg,0:00:37,0,0,0.0024,0,2.779,0,0.1607,0,0.172,0,0.0009,0
353,1286,101,460,160,723,/Users/Documents/thesis/program/media/zf_processed_videos/c1_38/person_frames/frame_1286.jpg,0:00:37,1,0,0.0097,0,1.5301,0,0.1534,0,0.1323,0,0.002,0
354,1286,107,458,178,726,/Users/Documents/thesis/program/media/zf_processed_videos/c1_38/person_frames/frame_1286.jpg,0:00:37,1,0,0.0084,0,1.8661,0,0.1391,0,0.1285,0,0.003,0
355,1288,80,468,155,728,/Users/Documents/thesis/program/media/zf_processed_videos/c1_38/person_frames/frame_1288.jpg,0:00:37,1,0,0.0078,0,1.7818,0,0.1611,0,0.1909,0,0.0025,0
356,1290,1637,710,1815,976,/Users/Documents/thesis/program/media/zf_processed_videos/c1_38/person_frames/frame_1290.jpg,0:00:37,0,0,0.0172,0,2.6935,0,0.2703,0,0.4553,0,0.0038,0
357,1290,60,461,130,736,/Users/Documents/thesis/program/media/zf_processed_videos/c1_38/person_frames/frame_1290.jpg,0:00:37,1,0,0.0095,0,1.6857,0,0.0899,0,0.1467,0,0.0016,0
358,1297,698,518,740,622,/Users/Documents/thesis/program/media/zf_processed_videos/c1_38/person_frames/frame_1297.jpg,0:00:37,0,0,0.0036,0,2.8806,0,0.1894,0,0.1978,0,0.0013,0
359,1299,691,518,736,625,/Users/Documents/thesis/program/media/zf_processed_videos/c1_38/person_frames/frame_1299.jpg,0:00:37,0,0,0.0061,0,3.0049,0,0.1949,0,0.2066,0,0.0011,0
360,1299,736,513,788,607,/Users/Documents/thesis/program/media/zf_processed_videos/c1_38/person_frames/frame_1299.jpg,0:00:37,0,0,0.0045,0,4.4628,0,0.2558,0,0.3311,0,0.0007,0
361,1301,685,513,739,622,/Users/Documents/thesis/program/media/zf_processed_videos/c1_38/person_frames/frame_1301.jpg,0:00:37,0,0,0.0043,0,3.6275,0,0.2097,0,0.2197,0,0.0014,0
362,1303,680,514,730,632,/Users/Documents/thesis/program/media/zf_processed_videos/c1_38/person_frames/frame_1303.jpg,0:00:37,0,0,0.0083,0,2.9631,0,0.1702,0,0.1908,0,0.0013,0
363,1305,676,515,726,628,/Users/Documents/thesis/program/media/zf_processed_videos/c1_38/person_frames/frame_1305.jpg,0:00:37,0,0,0.0055,0,2.7445,0,0.2024,0,0.203,0,0.0012,0
364,1307,667,520,712,629,/Users/Documents/thesis/program/media/zf_processed_videos/c1_38/person_frames/frame_1307.jpg,0:00:37,0,0,0.0028,0,7.6834,0,0.1943,0,0.1789,0,0.001,0
365,1317,599,569,636,693,/Users/Documents/thesis/program/media/zf_processed_videos/c1_38/person_frames/frame_1317.jpg,0:00:38,0,0,0.0034,0,4.6837,0,0.15,0,0.15,0,0.001,0
366,1317,494,594,551,782,/Users/Documents/thesis/program/media/zf_processed_videos/c1_38/person_frames/frame_1317.jpg,0:00:38,0,0,0.0099,0,2.1249,0,0.1208,0,0.1456,0,0.001,0
367,1319,588,567,636,700,/Users/Documents/thesis/program/media/zf_processed_videos/c1_38/person_frames/frame_1319.jpg,0:00:38,0,0,0.0051,0,2.9028,0,0.1873,0,0.5128,0,0.0011,0
368,1353,142,432,244,670,/Users/Documents/thesis/program/media/zf_processed_videos/c1_38/person_frames/frame_1353.jpg,0:00:39,0,0,0.0138,0,3.2298,0,0.2287,0,0.5287,0,0.0019,0
369,1355,131,427,232,704,/Users/Documents/thesis/program/media/zf_processed_videos/c1_38/person_frames/frame_1355.jpg,0:00:39,0,0,0.0122,0,2.5283,0,0.1712,0,0.4262,0,0.0026,0
370,1363,90,415,172,657,/Users/Documents/thesis/program/media/zf_processed_videos/c1_38/person_frames/frame_1363.jpg,0:00:39,0,0,0.0114,0,2.2531,0,0.1672,0,0.3655,0,0.0021,0
371,1414,57,735,197,975,/Users/Documents/thesis/program/media/zf_processed_videos/c1_38/person_frames/frame_1414.jpg,0:00:40,0,0,0.0116,0,3.2362,0,0.2711,0,0.6672,0,0.0022,0
372,1534,570,475,598,540,/Users/Documents/thesis/program/media/zf_processed_videos/c1_38/person_frames/frame_1534.jpg,0:00:44,0,0,0,0,0,0,0,0,0.0001,0,0,0
373,1538,689,496,714,579,/Users/Documents/thesis/program/media/zf_processed_videos/c1_38/person_frames/frame_1538.jpg,0:00:44,0,0,0,0,0,0,0,0,0.0001,0,0,0
374,1620,710,503,740,578,/Users/Documents/thesis/program/media/zf_processed_videos/c1_38/person_frames/frame_1620.jpg,0:00:46,0,0,0,0,0,0,0,0,0.0001,0,0,0
375,1626,709,508,740,581,/Users/Documents/thesis/program/media/zf_processed_videos/c1_38/person_frames/frame_1626.jpg,0:00:46,0,0,0.0042,0,3.205,0,0.1818,0,0.2927,0,0.0011,0
376,1628,709,508,740,582,/Users/Documents/thesis/program/media/zf_processed_videos/c1_38/person_frames/frame_1628.jpg,0:00:47,0,0,0.0116,0,3.6729,0,0.1917,0,0.213,0,0.0009,0
377,1630,709,509,739,582,/Users/Documents/thesis/program/media/zf_processed_videos/c1_38/person_frames/frame_1630.jpg,0:00:47,0,0,0.0182,0,0,0,0.0001,0,0,0,0,0
378,1632,708,510,739,583,/Users/Documents/thesis/program/media/zf_processed_videos/c1_38/person_frames/frame_1632.jpg,0:00:47,0,0,0.0074,0,3.184,0,0.2014,0,0.4656,0,0.001,0
379,1634,709,511,739,583,/Users/Documents/thesis/program/media/zf_processed_videos/c1_38/person_frames/frame_1634.jpg,0:00:47,0,0,0,0,0,0,0,0,0.0001,0,0,0
380,1638,708,510,738,581,/Users/Documents/thesis/program/media/zf_processed_videos/c1_38/person_frames/frame_1638.jpg,0:00:47,0,0,0,0,0,0,0,0,0,0,0,0
381,1646,656,521,693,607,/Users/Documents/thesis/program/media/zf_processed_videos/c1_38/person_frames/frame_1646.jpg,0:00:47,0,0,0.0177,0,3.2631,0,0.1902,0,0.2518,0,0.0011,0
382,1646,666,515,693,605,/Users/Documents/thesis/program/media/zf_processed_videos/c1_38/person_frames/frame_1646.jpg,0:00:47,0,0,0,0,0,0,0,0,0,0,0,0
383,1710,662,516,694,605,/Users/Documents/thesis/program/media/zf_processed_videos/c1_38/person_frames/frame_1710.jpg,0:00:49,0,0,0.0048,0,2.2203,0,0.1877,0,0.2258,0,0.0014,0
384,1718,662,516,694,605,/Users/Documents/thesis/program/media/zf_processed_videos/c1_38/person_frames/frame_1718.jpg,0:00:49,0,0,0.0041,0,8.198,0,0.1693,0,0.1878,0,0.0012,0
385,1722,660,517,694,606,/Users/Documents/thesis/program/media/zf_processed_videos/c1_38/person_frames/frame_1722.jpg,0:00:49,0,0,0.0047,0,4.3839,0,0.2144,0,0.1807,0,0.0014,0
386,1726,655,521,694,607,/Users/Documents/thesis/program/media/zf_processed_videos/c1_38/person_frames/frame_1726.jpg,0:00:49,0,0,0.0061,0,3.3248,0,0.2088,0,0.2085,0,0.001,0
387,1748,664,515,694,604,/Users/Documents/thesis/program/media/zf_processed_videos/c1_38/person_frames/frame_1748.jpg,0:00:50,0,0,0,0,0.0005,0,0,0,0,0,0,0
388,1754,662,518,694,605,/Users/Documents/thesis/program/media/zf_processed_videos/c1_38/person_frames/frame_1754.jpg,0:00:50,0,0,0.0034,0,2.4089,0,0.1756,0,0.1884,0,0.001,0
389,1758,661,516,694,604,/Users/Documents/thesis/program/media/zf_processed_videos/c1_38/person_frames/frame_1758.jpg,0:00:50,0,0,0.0035,0,2.7138,0,0.2046,0,0.1778,0,0.0011,0
390,1762,660,516,694,605,/Users/Documents/thesis/program/media/zf_processed_videos/c1_38/person_frames/frame_1762.jpg,0:00:50,0,0,0.0031,0,4.7693,0,0.285,0,0.198,0,0.001,0
391,1766,661,516,694,606,/Users/Documents/thesis/program/media/zf_processed_videos/c1_38/person_frames/frame_1766.jpg,0:00:50,0,0,0.0044,0,2.6814,0,0.2526,0,0.1897,0,0.001,0
392,1770,662,515,694,606,/Users/Documents/thesis/program/media/zf_processed_videos/c1_38/person_frames/frame_1770.jpg,0:00:51,0,0,0.0041,0,2.8013,0,0.1838,0,0.196,0,0.001,0
393,1774,662,516,694,605,/Users/Documents/thesis/program/media/zf_processed_videos/c1_38/person_frames/frame_1774.jpg,0:00:51,0,0,0.0045,0,2.4506,0,0.1725,0,0.1839,0,0.0009,0
394,1776,664,515,694,605,/Users/Documents/thesis/program/media/zf_processed_videos/c1_38/person_frames/frame_1776.jpg,0:00:51,0,0,0,0,0.0001,0,0,0,0,0,0,0
395,1788,663,523,694,611,/Users/Documents/thesis/program/media/zf_processed_videos/c1_38/person_frames/frame_1788.jpg,0:00:51,0,0,0.0039,0,2.4475,0,0.1795,0,0.189,0,0.0011,0
396,1794,709,518,740,597,/Users/Documents/thesis/program/media/zf_processed_videos/c1_38/person_frames/frame_1794.jpg,0:00:51,0,0,0.009,0,2.6214,0,0.1964,0,0.2284,0,0.0013,0
397,1842,661,559,688,645,/Users/Documents/thesis/program/media/zf_processed_videos/c1_38/person_frames/frame_1842.jpg,0:00:53,0,0,0.0001,0,0,0,0,0,0,0,0,0
398,1874,744,538,782,630,/Users/Documents/thesis/program/media/zf_processed_videos/c1_38/person_frames/frame_1874.jpg,0:00:54,0,0,0.006,0,2.6712,0,0.2108,0,0.4193,0,0.001,0
399,1874,680,547,720,664,/Users/Documents/thesis/program/media/zf_processed_videos/c1_38/person_frames/frame_1874.jpg,0:00:54,0,0,0.006,0,2.5223,0,0.1415,0,0.1661,0,0.0006,0
400,1876,744,529,785,624,/Users/Documents/thesis/program/media/zf_processed_videos/c1_38/person_frames/frame_1876.jpg,0:00:54,0,0,0.0075,0,8.0364,0,0.2146,0,0.2402,0,0.001,0
401,1878,685,527,724,649,/Users/Documents/thesis/program/media/zf_processed_videos/c1_38/person_frames/frame_1878.jpg,0:00:54,0,0,0.0043,0,6.1963,0,0.1714,0,0.149,0,0.001,0
402,1880,679,523,726,650,/Users/Documents/thesis/program/media/zf_processed_videos/c1_38/person_frames/frame_1880.jpg,0:00:54,0,0,0.0029,0,2.611,0,0.177,0,0.1887,0,0.0014,0
403,1880,741,521,776,618,/Users/Documents/thesis/program/media/zf_processed_videos/c1_38/person_frames/frame_1880.jpg,0:00:54,0,0,0.0016,0,2.3596,0,0.144,0,0.1466,0,0.0006,0
404,1882,673,527,710,648,/Users/Documents/thesis/program/media/zf_processed_videos/c1_38/person_frames/frame_1882.jpg,0:00:54,0,0,0.0025,0,2.3363,0,0.1799,0,0.149,0,0.0011,0
405,1884,671,523,706,650,/Users/Documents/thesis/program/media/zf_processed_videos/c1_38/person_frames/frame_1884.jpg,0:00:54,0,0,0.0033,0,1.8863,0,0.1656,0,0.1686,0,0.0009,0
406,1891,654,535,700,683,/Users/Documents/thesis/program/media/zf_processed_videos/c1_38/person_frames/frame_1891.jpg,0:00:54,0,0,0.0089,0,2.1269,0,0.1793,0,0.1574,0,0.0013,0
407,1891,723,546,758,647,/Users/Documents/thesis/program/media/zf_processed_videos/c1_38/person_frames/frame_1891.jpg,0:00:54,0,0,0.0038,0,2.2081,0,0.1371,0,0.1298,0,0.0006,0
408,1899,626,557,680,712,/Users/Documents/thesis/program/media/zf_processed_videos/c1_38/person_frames/frame_1899.jpg,0:00:54,0,0,0.0028,0,2.3677,0,0.1761,0,0.1782,0,0.0017,0
409,1901,621,559,668,710,/Users/Documents/thesis/program/media/zf_processed_videos/c1_38/person_frames/frame_1901.jpg,0:00:54,0,0,0.009,0,1.5223,0,0.1523,0,0.1743,0,0.0013,0
410,1910,1633,507,1687,650,/Users/Documents/thesis/program/media/zf_processed_videos/c1_38/person_frames/frame_1910.jpg,0:00:55,0,0,0.0041,0,2.1683,0,0.2063,0,0.1851,0,0.0013,0
411,1914,545,550,603,739,/Users/Documents/thesis/program/media/zf_processed_videos/c1_38/person_frames/frame_1914.jpg,0:00:55,0,0,0.0096,0,1.8186,0,0.1545,0,0.1685,0,0.0021,0
412,1920,1165,539,1222,656,/Users/Documents/thesis/program/media/zf_processed_videos/c1_38/person_frames/frame_1920.jpg,0:00:55,0,0,0.0059,0,7.4056,0,0.3236,0,0.2079,0,0.0013,0
413,1922,613,534,697,668,/Users/Documents/thesis/program/media/zf_processed_videos/c1_38/person_frames/frame_1922.jpg,0:00:55,0,0,0.0088,0,6.6281,0,0.2672,0,0.3202,0,0.0018,0
414,1923,1171,546,1224,669,/Users/Documents/thesis/program/media/zf_processed_videos/c1_38/person_frames/frame_1923.jpg,0:00:55,0,0,0.0022,0,3.4647,0,0.1998,0,0.2041,0,0.0013,0
415,1939,713,532,774,631,/Users/Documents/thesis/program/media/zf_processed_videos/c1_38/person_frames/frame_1939.jpg,0:00:55,0,0,0.0036,0,3.3664,0,0.2619,0,0.2529,0,0.0018,0
416,1946,702,531,758,650,/Users/Documents/thesis/program/media/zf_processed_videos/c1_38/person_frames/frame_1946.jpg,0:00:56,0,0,0.0064,0,8.729,0,0.2083,0,0.2638,0,0.0015,0
417,1948,691,535,740,661,/Users/Documents/thesis/program/media/zf_processed_videos/c1_38/person_frames/frame_1948.jpg,0:00:56,0,0,0.0031,0,4.1886,0,0.2075,0,0.2385,0,0.0014,0
418,1978,497,614,555,762,/Users/Documents/thesis/program/media/zf_processed_videos/c1_38/person_frames/frame_1978.jpg,0:00:57,0,0,0.0049,0,2.7792,0,0.1969,0,0.2239,0,0.0012,0
419,2007,1223,543,1369,731,/Users/Documents/thesis/program/media/zf_processed_videos/c1_38/person_frames/frame_2007.jpg,0:00:57,0,0,0.0087,0,2.3179,0,0.4324,0,0.4111,0,0.0069,0
420,2014,1659,442,1762,691,/Users/Documents/thesis/program/media/zf_processed_videos/c1_38/person_frames/frame_2014.jpg,0:00:58,0,0,0.0073,0,5.3728,0,0.1885,0,0.1941,0,0.0024,0
421,2061,659,516,713,650,/Users/Documents/thesis/program/media/zf_processed_videos/c1_38/person_frames/frame_2061.jpg,0:00:59,0,0,0.0025,0,5.0163,0,0.3858,0,0.1655,0,0.0013,0
422,2069,686,508,733,627,/Users/Documents/thesis/program/media/zf_processed_videos/c1_38/person_frames/frame_2069.jpg,0:00:59,0,0,0.008,0,2.7662,0,0.6452,0,0.2121,0,0.0011,0
423,2071,679,505,720,635,/Users/Documents/thesis/program/media/zf_processed_videos/c1_38/person_frames/frame_2071.jpg,0:00:59,0,0,0.0099,0,2.3386,0,0.2299,0,0.1744,0,0.001,0
424,2071,591,510,653,681,/Users/Documents/thesis/program/media/zf_processed_videos/c1_38/person_frames/frame_2071.jpg,0:00:59,0,0,0.0196,0,2.4934,0,0.2268,0,0.1423,0,0.0013,0
425,2071,769,508,803,585,/Users/Documents/thesis/program/media/zf_processed_videos/c1_38/person_frames/frame_2071.jpg,0:00:59,0,0,0.0051,0,2.9824,0,0.26,0,0.1416,0,0.0005,0
426,2072,676,506,714,631,/Users/Documents/thesis/program/media/zf_processed_videos/c1_38/person_frames/frame_2072.jpg,0:00:59,0,0,0.0029,0,1.9792,0,0.386,0,0.1752,0,0.0009,0
427,2072,582,516,648,685,/Users/Documents/thesis/program/media/zf_processed_videos/c1_38/person_frames/frame_2072.jpg,0:00:59,0,0,0.0085,0,2.8904,0,1.4482,0,0.1965,0,0.0009,0
428,2073,666,500,709,638,/Users/Documents/thesis/program/media/zf_processed_videos/c1_38/person_frames/frame_2073.jpg,0:00:59,0,0,0.004,0,2.1345,0,0.6188,0,0.1554,0,0.0011,0
429,2075,655,514,701,656,/Users/Documents/thesis/program/media/zf_processed_videos/c1_38/person_frames/frame_2075.jpg,0:00:59,0,0,0.0068,0,2.0826,0,0.4124,0,0.1659,0,0.0013,0
430,2076,654,518,696,658,/Users/Documents/thesis/program/media/zf_processed_videos/c1_38/person_frames/frame_2076.jpg,0:00:59,0,0,0.0037,0,2.0354,0,3.3127,0,0.1745,0,0.0009,0
431,2077,649,521,690,666,/Users/Documents/thesis/program/media/zf_processed_videos/c1_38/person_frames/frame_2077.jpg,0:00:59,0,0,0.0054,0,2.0108,0,0.2621,0,0.1516,0,0.0012,0
432,2079,632,531,687,690,/Users/Documents/thesis/program/media/zf_processed_videos/c1_38/person_frames/frame_2079.jpg,0:00:59,0,0,0.0079,0,2.5576,0,1.1139,0,0.1644,0,0.0016,0
433,2080,497,546,625,758,/Users/Documents/thesis/program/media/zf_processed_videos/c1_38/person_frames/frame_2080.jpg,0:00:59,0,0,0.0113,0,3.2466,0,0.5024,0,0.2661,0,0.002,0
434,2081,625,538,681,695,/Users/Documents/thesis/program/media/zf_processed_videos/c1_38/person_frames/frame_2081.jpg,0:00:59,0,0,0.0062,0,2.091,0,0.2669,0,0.1952,0,0.0015,0
435,2083,745,544,788,630,/Users/Documents/thesis/program/media/zf_processed_videos/c1_38/person_frames/frame_2083.jpg,0:01:00,0,0,0.006,0,8.6377,0,0.317,0,0.2228,0,0.001,0
436,2088,580,523,677,673,/Users/Documents/thesis/program/media/zf_processed_videos/c1_38/person_frames/frame_2088.jpg,0:01:00,0,0,0.0052,0,4.1793,0,0.5549,0,0.2565,0,0.0014,0
437,2088,577,523,648,674,/Users/Documents/thesis/program/media/zf_processed_videos/c1_38/person_frames/frame_2088.jpg,0:01:00,0,0,0.0024,0,3.1808,0,0.4026,0,0.1804,0,0.0008,0
438,2090,641,511,691,650,/Users/Documents/thesis/program/media/zf_processed_videos/c1_38/person_frames/frame_2090.jpg,0:01:00,0,0,0.0036,0,2.1028,0,0.2986,0,0.2338,0,0.0011,0
439,2091,539,512,616,694,/Users/Documents/thesis/program/media/zf_processed_videos/c1_38/person_frames/frame_2091.jpg,0:01:00,0,0,0.0048,0,2.467,0,0.2658,0,0.1839,0,0.0013,0
440,2091,542,514,659,680,/Users/Documents/thesis/program/media/zf_processed_videos/c1_38/person_frames/frame_2091.jpg,0:01:00,0,0,0.0075,0,2.0676,0,0.3501,0,0.2349,0,0.0009,0
441,2094,696,519,735,625,/Users/Documents/thesis/program/media/zf_processed_videos/c1_38/person_frames/frame_2094.jpg,0:01:00,0,0,0.0033,0,2.113,0,0.2618,0,0.1469,0,0.0008,0
442,2098,586,551,637,682,/Users/Documents/thesis/program/media/zf_processed_videos/c1_38/person_frames/frame_2098.jpg,0:01:00,0,0,0.0046,0,1.9887,0,0.2066,0,0.2035,0,0.0015,0